doc_id,row_index,category,matched_keyword,match_position,snippet,snippet_id,statement_class,statement_category,confidence
api_17,7,CCUS,"carbon capture, utilization and storage",2176,"...reducing 
emissions, with a focus on technologies evaluated based on the potential for the largest scale and most 
economic GHG emissions abatement opportunity across the economy.

Based upon our industry’s history and expertise we can help to further develop and promote the 
commercial promise of carbon capture, utilization and storage, and hydrogen technologies. API 
proposes to work with policymakers and other trade associations to:

• Fully appropriate funding for low carbon RD&D programs authorized in the Energy Act of 2020.
• Increase substantially Congress-appropriated funding for government research on a range of 
   low o...",0,,,"error: ""Could not resolve authentication method. Expected one of api_key, auth_token, or credentials to be set. Or for one of the `X-Api-Key` or `Authorization` headers to be explicitly omitted"""
api_17,7,CCUS,CCUS,2834,"...ogies, including capturing and storing carbon and production and 
   supply of hydrogen, with formal assessment of funded technologies on the basis of potential for 
   GHG abatement at the lowest cost. • Implement federal policies consistent with the NPC study to substantially increase support for CCUS to achieve “at-scale phase” deployment.
• Implement policies to expand the infrastructure needed to secure a place for these low carbon technologies in the economy.

3. Mitigate Emissions from Operations 

Flaring:
API proposes to advance to the second phase of its two-phased Flare Management Progr...",1,,,"error: ""Could not resolve authentication method. Expected one of api_key, auth_token, or credentials to be set. Or for one of the `X-Api-Key` or `Authorization` headers to be explicitly omitted"""
api_17,7,Hydrogen,hydrogen,2221,"...ogies evaluated based on the potential for the largest scale and most 
economic GHG emissions abatement opportunity across the economy.

Based upon our industry’s history and expertise we can help to further develop and promote the 
commercial promise of carbon capture, utilization and storage, and hydrogen technologies. API 
proposes to work with policymakers and other trade associations to:

• Fully appropriate funding for low carbon RD&D programs authorized in the Energy Act of 2020.
• Increase substantially Congress-appropriated funding for government research on a range of 
   low or no carbon te...",2,,,"error: ""Could not resolve authentication method. Expected one of api_key, auth_token, or credentials to be set. Or for one of the `X-Api-Key` or `Authorization` headers to be explicitly omitted"""
api_17,7,Hydrogen,hydrogen,2613,"...to:

• Fully appropriate funding for low carbon RD&D programs authorized in the Energy Act of 2020.
• Increase substantially Congress-appropriated funding for government research on a range of 
   low or no carbon technologies, including capturing and storing carbon and production and 
   supply of hydrogen, with formal assessment of funded technologies on the basis of potential for 
   GHG abatement at the lowest cost. • Implement federal policies consistent with the NPC study to substantially increase support for CCUS to achieve “at-scale phase” deployment.
• Implement policies to expand the infrast...",3,,,"error: ""Could not resolve authentication method. Expected one of api_key, auth_token, or credentials to be set. Or for one of the `X-Api-Key` or `Authorization` headers to be explicitly omitted"""
api_18,8,CCUS,"carbon capture, utilization and storage",32291,"...e of reducing emissions, with a focus on technologies evaluated based on the potential for the largest scale and most economic GHG emissions abatement opportunity across the economy.
Based upon our industry’s history and expertise we can help to further develop and promote the commercial promise of carbon capture, utilization and storage, and hydrogen technologies. **API proposes** to work with policymakers and other trade associations to:

• Fully appropriate funding for low carbon RD&D programs authorized in the Energy Act of 2020.
• Increase substantially Congress-appropriated funding for government research on a range of low or...",4,,,"error: ""Could not resolve authentication method. Expected one of api_key, auth_token, or credentials to be set. Or for one of the `X-Api-Key` or `Authorization` headers to be explicitly omitted"""
api_18,8,Hydrogen,hydrogen,32336,"...nologies evaluated based on the potential for the largest scale and most economic GHG emissions abatement opportunity across the economy.
Based upon our industry’s history and expertise we can help to further develop and promote the commercial promise of carbon capture, utilization and storage, and hydrogen technologies. **API proposes** to work with policymakers and other trade associations to:

• Fully appropriate funding for low carbon RD&D programs authorized in the Energy Act of 2020.
• Increase substantially Congress-appropriated funding for government research on a range of low or no carbon tec...",5,,,"error: ""Could not resolve authentication method. Expected one of api_key, auth_token, or credentials to be set. Or for one of the `X-Api-Key` or `Authorization` headers to be explicitly omitted"""
api_18,8,Hydrogen,hydrogen,32723,"...iations to:

• Fully appropriate funding for low carbon RD&D programs authorized in the Energy Act of 2020.
• Increase substantially Congress-appropriated funding for government research on a range of low or no carbon technologies, including capturing and storing carbon and production and
supply of hydrogen, with formal assessment of funded t",6,,,"error: ""Could not resolve authentication method. Expected one of api_key, auth_token, or credentials to be set. Or for one of the `X-Api-Key` or `Authorization` headers to be explicitly omitted"""
api_19,9,CCUS,CCUS,3889,"...==================================
===================
Issue Paper

API is conducting an overview of our current policies and industry initiatives on climate change, and the tangible benefits
these measures will have on reducing greenhouse gas emissions. This review includes the following items:

•	CCUS - API supports policy reforms to infrastructure permitting and development for CCUS as well as
research, development and deployment funding to support technology breakthrough. API also supports
federal tax provisions incentivizing CCUS investment and deployment.
•	Methane - API supports cost-effect...",7,,,"error: ""Could not resolve authentication method. Expected one of api_key, auth_token, or credentials to be set. Or for one of the `X-Api-Key` or `Authorization` headers to be explicitly omitted"""
api_19,9,CCUS,CCUS,3973,"...g an overview of our current policies and industry initiatives on climate change, and the tangible benefits
these measures will have on reducing greenhouse gas emissions. This review includes the following items:

•	CCUS - API supports policy reforms to infrastructure permitting and development for CCUS as well as
research, development and deployment funding to support technology breakthrough. API also supports
federal tax provisions incentivizing CCUS investment and deployment.
•	Methane - API supports cost-effective policies and direct regulation that achieve methane emission reductions
from new...",8,,,"error: ""Could not resolve authentication method. Expected one of api_key, auth_token, or credentials to be set. Or for one of the `X-Api-Key` or `Authorization` headers to be explicitly omitted"""
api_19,9,CCUS,CCUS,4125,"...use gas emissions. This review includes the following items:

•	CCUS - API supports policy reforms to infrastructure permitting and development for CCUS as well as
research, development and deployment funding to support technology breakthrough. API also supports
federal tax provisions incentivizing CCUS investment and deployment.
•	Methane - API supports cost-effective policies and direct regulation that achieve methane emission reductions
from new and existing sources across the supply chain. Additionally, the oil and natural gas industry remains committed
to the development and deployment of new...",9,,,"error: ""Could not resolve authentication method. Expected one of api_key, auth_token, or credentials to be set. Or for one of the `X-Api-Key` or `Authorization` headers to be explicitly omitted"""
api_19,9,CCUS,CCUS,5668,"...==
===================
API GHG Emission One-Pagers

Task Description: Develop a one-pager that qualifies and, if possible, quantifies past industry efforts that achieved
greenhouse gas emission reductions and projects future emission reductions for key industry operations/sources.

Topics - Lead
1.	CCUS – Marcus K
2.	Methane – Matt T
3.	Flaring – Matt T
4.	Refining Efficiency – Ron C and Andrew B
5.	Fuels – Patrick K
6.	LNG Exports – Dustin M and Jeff S
7.	Nat Gas in Power Generation – Dustin M and Jeff S

Outline

Topic: e.g., Methane

Brief Description of Topic/Industry Source: 2-3 sentences

AP...",10,,,"error: ""Could not resolve authentication method. Expected one of api_key, auth_token, or credentials to be set. Or for one of the `X-Api-Key` or `Authorization` headers to be explicitly omitted"""
api_20,11,CCUS,CCUS,2181,"...=======================================================
Issue Paper

API is conducting an overview of our current policies and industry initiatives on climate change, and the tangible benefits
these measures will have on reducing greenhouse gas emissions. This review includes the following items: • CCUS - API supports policy reforms to infrastructure permitting and development for CCUS as well as research,
development and deployment funding to support technology breakthrough. API also supports federal tax provisions
incentivizing CCUS investment and deployment.
• Methane – API supports cost-effect...",11,,,"error: ""Could not resolve authentication method. Expected one of api_key, auth_token, or credentials to be set. Or for one of the `X-Api-Key` or `Authorization` headers to be explicitly omitted"""
api_20,11,CCUS,CCUS,2265,"...ng an overview of our current policies and industry initiatives on climate change, and the tangible benefits
these measures will have on reducing greenhouse gas emissions. This review includes the following items: • CCUS - API supports policy reforms to infrastructure permitting and development for CCUS as well as research,
development and deployment funding to support technology breakthrough. API also supports federal tax provisions
incentivizing CCUS investment and deployment.
• Methane – API supports cost-effective policies and direct regulation that achieve methane emission reductions
from new...",12,,,"error: ""Could not resolve authentication method. Expected one of api_key, auth_token, or credentials to be set. Or for one of the `X-Api-Key` or `Authorization` headers to be explicitly omitted"""
api_20,11,CCUS,CCUS,2417,"...ouse gas emissions. This review includes the following items: • CCUS - API supports policy reforms to infrastructure permitting and development for CCUS as well as research,
development and deployment funding to support technology breakthrough. API also supports federal tax provisions
incentivizing CCUS investment and deployment.
• Methane – API supports cost-effective policies and direct regulation that achieve methane emission reductions
from new and existing sources across the supply chain. Additionally, the oil and natural gas industry remains committed
to the development and deployment of new...",13,,,"error: ""Could not resolve authentication method. Expected one of api_key, auth_token, or credentials to be set. Or for one of the `X-Api-Key` or `Authorization` headers to be explicitly omitted"""
api_20,11,CCUS,CCUS,3958,"...======================
API GHG Emission One-Pagers

Task Description: Develop a one-pager that qualifies and, if possible, quantifies past industry efforts that achieved
greenhouse gas emission reductions and projects future emission reductions for key industry operations/sources.

Topics - Lead
1. CCUS – Marcus K
2. Methane – Matt T
3. Flaring – Matt T
4. Refining Efficiency – Ron C and Andrew B
5. Fuels – Patrick K
6. LNG Exports – Dustin M and Jeff S
7. Nat Gas in Power Generation – Dustin M and Jeff S

Outline

Topic: e.g., Methane

Brief Description of Topic/Industry Source: 2-3 sentences

AP...",14,,,"error: ""Could not resolve authentication method. Expected one of api_key, auth_token, or credentials to be set. Or for one of the `X-Api-Key` or `Authorization` headers to be explicitly omitted"""
api_22,13,CCUS,CCUS,463,"...Chittim ███████████████ Andrew P. Broadbent ███████████████ Dustin Meyer
████████████████ Jeffrey I. Stein ███████████████ Patrick Kelly
CC: Howard Feldman ███████████████ Aaron P. Padilla ███████████████
Subject: RE: API GHG Emission One-Pagers
Attachments: API GHG Emissions - One Pager Outline - CCUS.docx

Frank and Team:

A draft one-pager for CCUS is attached. Feedback and edits welcome.
I have also loaded this paper to the Teams site.

Marcus

From: Matthew Todd ██████████████
Sent: Wednesday, January 27, 2021 3:06 PM
To: Frank Macchiarola ███████████████ Stephen Comstock ███████████████ Ron...",15,,,"error: ""Could not resolve authentication method. Expected one of api_key, auth_token, or credentials to be set. Or for one of the `X-Api-Key` or `Authorization` headers to be explicitly omitted"""
api_22,13,CCUS,CCUS,513,"...██████████ Dustin Meyer
████████████████ Jeffrey I. Stein ███████████████ Patrick Kelly
CC: Howard Feldman ███████████████ Aaron P. Padilla ███████████████
Subject: RE: API GHG Emission One-Pagers
Attachments: API GHG Emissions - One Pager Outline - CCUS.docx

Frank and Team:

A draft one-pager for CCUS is attached. Feedback and edits welcome.
I have also loaded this paper to the Teams site.

Marcus

From: Matthew Todd ██████████████
Sent: Wednesday, January 27, 2021 3:06 PM
To: Frank Macchiarola ███████████████ Stephen Comstock ███████████████ Ron Chittim
████████████████ Andrew P. Broadbent ████...",16,,,"error: ""Could not resolve authentication method. Expected one of api_key, auth_token, or credentials to be set. Or for one of the `X-Api-Key` or `Authorization` headers to be explicitly omitted"""
api_22,13,CCUS,CCUS,5692,"...===================================================
Issue Paper 

API is conducting an overview of our current policies and industry initiatives on climate change, and the tangible benefits 
these measures will have on reducing greenhouse gas emissions. This review includes the following items: 

• CCUS - API supports policy reforms to infrastructure permitting and development for CCUS as well as research, 
development and deployment funding to support technology breakthrough. API also supports federal tax provisions 
incentivizing CCUS investment and deployment. 

• Methane – API supports cost-ef...",17,,,"error: ""Could not resolve authentication method. Expected one of api_key, auth_token, or credentials to be set. Or for one of the `X-Api-Key` or `Authorization` headers to be explicitly omitted"""
api_22,13,CCUS,CCUS,5776,"...an overview of our current policies and industry initiatives on climate change, and the tangible benefits 
these measures will have on reducing greenhouse gas emissions. This review includes the following items: 

• CCUS - API supports policy reforms to infrastructure permitting and development for CCUS as well as research, 
development and deployment funding to support technology breakthrough. API also supports federal tax provisions 
incentivizing CCUS investment and deployment. 

• Methane – API supports cost-effective policies and direct regulation that achieve methane emission reductions 
fro...",18,,,"error: ""Could not resolve authentication method. Expected one of api_key, auth_token, or credentials to be set. Or for one of the `X-Api-Key` or `Authorization` headers to be explicitly omitted"""
api_22,13,CCUS,CCUS,5930,"...gas emissions. This review includes the following items: 

• CCUS - API supports policy reforms to infrastructure permitting and development for CCUS as well as research, 
development and deployment funding to support technology breakthrough. API also supports federal tax provisions 
incentivizing CCUS investment and deployment. 

• Methane – API supports cost-effective policies and direct regulation that achieve methane emission reductions 
from new and existing sources across the supply chain. Additionally, the oil and natural gas industry remains committed 
to the development and deployment of...",19,,,"error: ""Could not resolve authentication method. Expected one of api_key, auth_token, or credentials to be set. Or for one of the `X-Api-Key` or `Authorization` headers to be explicitly omitted"""
api_22,13,CCUS,CCUS,7503,"...==================
API GHG Emission One-Pagers 

Task Description: Develop a one-pager that qualifies and, if possible, quantifies past industry efforts that achieved 
greenhouse gas emission reductions and projects future emission reductions for key industry operations/sources. 

Topics - Lead 
1. CCUS – Marcus K 
2. Methane – Matt T
 3. Flaring – Matt T
4. Refining Efficiency – Ron C and Andrew B
5. Fuels – Patrick K
6. LNG Exports – Dustin M and Jeff S
7. Nat Gas in Power Generation – Dustin M and Jeff S

Outline

Topic: e.g., Methane

Brief Description of Topic/Industry Source: 2-3 sentences...",20,,,"error: ""Could not resolve authentication method. Expected one of api_key, auth_token, or credentials to be set. Or for one of the `X-Api-Key` or `Authorization` headers to be explicitly omitted"""
api_22,13,CCUS,Carbon Capture,8122,"...available):

Trends Summary: Provide a description of the current source trends to date; emission reductions accomplished to
through 2020; other industry achievements/efforts to reduce emissions.

Note: Include any available charts that “tell the story” of past trends and future projections. Topic: Carbon Capture, Use, and Storage (CCUS)

Brief Description of Topic/Industry Source:
CCUS is a carbon dioxide (CO₂) removal technology typically associated with electric power generation
and other industrial processes, such as ethanol production, natural gas processing and hydrogen
production. Carbon dioxide emis...",21,,,"error: ""Could not resolve authentication method. Expected one of api_key, auth_token, or credentials to be set. Or for one of the `X-Api-Key` or `Authorization` headers to be explicitly omitted"""
api_22,13,CCUS,CCUS,8156,"...de a description of the current source trends to date; emission reductions accomplished to
through 2020; other industry achievements/efforts to reduce emissions.

Note: Include any available charts that “tell the story” of past trends and future projections. Topic: Carbon Capture, Use, and Storage (CCUS)

Brief Description of Topic/Industry Source:
CCUS is a carbon dioxide (CO₂) removal technology typically associated with electric power generation
and other industrial processes, such as ethanol production, natural gas processing and hydrogen
production. Carbon dioxide emissions are captured from...",22,,,"error: ""Could not resolve authentication method. Expected one of api_key, auth_token, or credentials to be set. Or for one of the `X-Api-Key` or `Authorization` headers to be explicitly omitted"""
api_22,13,CCUS,CCUS,8207,"...te; emission reductions accomplished to
through 2020; other industry achievements/efforts to reduce emissions.

Note: Include any available charts that “tell the story” of past trends and future projections. Topic: Carbon Capture, Use, and Storage (CCUS)

Brief Description of Topic/Industry Source:
CCUS is a carbon dioxide (CO₂) removal technology typically associated with electric power generation
and other industrial processes, such as ethanol production, natural gas processing and hydrogen
production. Carbon dioxide emissions are captured from the emissions stream and either converted to a
seco...",23,,,"error: ""Could not resolve authentication method. Expected one of api_key, auth_token, or credentials to be set. Or for one of the `X-Api-Key` or `Authorization` headers to be explicitly omitted"""
api_22,13,CCUS,CCUS,8613,"...other industrial processes, such as ethanol production, natural gas processing and hydrogen
production. Carbon dioxide emissions are captured from the emissions stream and either converted to a
secondary product for use or stored underground in a dedicated storage well or via enhanced oil
recovery. CCUS is not an oil-and-gas specific technology but enables the use of petroleum and natural
gas by providing an opportunity to capture and/or offset emissions, while also offering the opportunity
to lower the carbon profile of oil and natural gas production through CO₂-EOR. The IPCC has concluded
that t...",24,,,"error: ""Could not resolve authentication method. Expected one of api_key, auth_token, or credentials to be set. Or for one of the `X-Api-Key` or `Authorization` headers to be explicitly omitted"""
api_22,13,CCUS,CCUS,9044,"...ure and/or offset emissions, while also offering the opportunity
to lower the carbon profile of oil and natural gas production through CO₂-EOR. The IPCC has concluded
that the costs for achieving atmospheric CO₂ levels consistent with the Paris Agreement will be more
than twice as expensive without CCUS.¹ Similarly, in the IEA Sustainable Development Scenario of the
World Energy Outlook 2020, CCUS accounts for nearly 15% of the cumulative reduction in emissions
compared with the Stated Policies Scenario.²

API Policy:
API supports the advancement of the RD&D to lower the costs associated with and...",25,,,"error: ""Could not resolve authentication method. Expected one of api_key, auth_token, or credentials to be set. Or for one of the `X-Api-Key` or `Authorization` headers to be explicitly omitted"""
api_22,13,CCUS,CCUS,9140,"...oil and natural gas production through CO₂-EOR. The IPCC has concluded
that the costs for achieving atmospheric CO₂ levels consistent with the Paris Agreement will be more
than twice as expensive without CCUS.¹ Similarly, in the IEA Sustainable Development Scenario of the
World Energy Outlook 2020, CCUS accounts for nearly 15% of the cumulative reduction in emissions
compared with the Stated Policies Scenario.²

API Policy:
API supports the advancement of the RD&D to lower the costs associated with and enable the further
deployment of CCUS technologies, as well as policy reforms to infrastructure...",26,,,"error: ""Could not resolve authentication method. Expected one of api_key, auth_token, or credentials to be set. Or for one of the `X-Api-Key` or `Authorization` headers to be explicitly omitted"""
api_22,13,CCUS,CCUS,9381,"...ble Development Scenario of the
World Energy Outlook 2020, CCUS accounts for nearly 15% of the cumulative reduction in emissions
compared with the Stated Policies Scenario.²

API Policy:
API supports the advancement of the RD&D to lower the costs associated with and enable the further
deployment of CCUS technologies, as well as policy reforms to infrastructure permitting and
development for carbon dioxide transportation. Additionally, API supports the findings of the National
Petroleum Council’s 2019 report “Meeting the Dual Challenge: A Roadmap to At-Scale Deployment of
Carbon Capture, Use, and S...",27,,,"error: ""Could not resolve authentication method. Expected one of api_key, auth_token, or credentials to be set. Or for one of the `X-Api-Key` or `Authorization` headers to be explicitly omitted"""
api_22,13,CCUS,Carbon Capture,9659,"...further
deployment of CCUS technologies, as well as policy reforms to infrastructure permitting and
development for carbon dioxide transportation. Additionally, API supports the findings of the National
Petroleum Council’s 2019 report “Meeting the Dual Challenge: A Roadmap to At-Scale Deployment of
Carbon Capture, Use, and Storage”.

Trends Summary:
The United States is the world leader in the deployment of CCUS technology. The U.S. has 13
commercial-scale carbon capture facilities in operation, with the capacity to capture on the order of 25
million metric tons (MMT) of CO2 annually. Four of the commercial...",28,,,"error: ""Could not resolve authentication method. Expected one of api_key, auth_token, or credentials to be set. Or for one of the `X-Api-Key` or `Authorization` headers to be explicitly omitted"""
api_22,13,CCUS,CCUS,9770,"...for carbon dioxide transportation. Additionally, API supports the findings of the National
Petroleum Council’s 2019 report “Meeting the Dual Challenge: A Roadmap to At-Scale Deployment of
Carbon Capture, Use, and Storage”.

Trends Summary:
The United States is the world leader in the deployment of CCUS technology. The U.S. has 13
commercial-scale carbon capture facilities in operation, with the capacity to capture on the order of 25
million metric tons (MMT) of CO2 annually. Four of the commercially operating facilities are associated
with natural gas processing, with an additional facility assoc...",29,,,"error: ""Could not resolve authentication method. Expected one of api_key, auth_token, or credentials to be set. Or for one of the `X-Api-Key` or `Authorization` headers to be explicitly omitted"""
api_22,13,CCUS,carbon capture,9820,"...API supports the findings of the National
Petroleum Council’s 2019 report “Meeting the Dual Challenge: A Roadmap to At-Scale Deployment of
Carbon Capture, Use, and Storage”.

Trends Summary:
The United States is the world leader in the deployment of CCUS technology. The U.S. has 13
commercial-scale carbon capture facilities in operation, with the capacity to capture on the order of 25
million metric tons (MMT) of CO2 annually. Four of the commercially operating facilities are associated
with natural gas processing, with an additional facility associated with hydrogen production through
steam-methane reforma...",30,,,"error: ""Could not resolve authentication method. Expected one of api_key, auth_token, or credentials to be set. Or for one of the `X-Api-Key` or `Authorization` headers to be explicitly omitted"""
api_22,13,CCUS,direct air capture,10720,"...s are in various development stages in the U.S. including those already under
construction. Many of the in-development facilities are associated with natural gas power generation,
though oil and natural gas firms are also partnering with other industrial firms to expand usage in heavy
industry. One direct air capture (DAC) project is under development with industry involvement. Other
members are involved in research and development to find ways to lower the cost of the technology,
such as alternative separation capture methods.

CCUS has been supported in recent years by the 45Q tax credit, providing support fo...",31,,,"error: ""Could not resolve authentication method. Expected one of api_key, auth_token, or credentials to be set. Or for one of the `X-Api-Key` or `Authorization` headers to be explicitly omitted"""
api_22,13,CCUS,DAC,10740,"...elopment stages in the U.S. including those already under
construction. Many of the in-development facilities are associated with natural gas power generation,
though oil and natural gas firms are also partnering with other industrial firms to expand usage in heavy
industry. One direct air capture (DAC) project is under development with industry involvement. Other
members are involved in research and development to find ways to lower the cost of the technology,
such as alternative separation capture methods.

CCUS has been supported in recent years by the 45Q tax credit, providing support for dep...",32,,,"error: ""Could not resolve authentication method. Expected one of api_key, auth_token, or credentials to be set. Or for one of the `X-Api-Key` or `Authorization` headers to be explicitly omitted"""
api_22,13,CCUS,CCUS,10955,"...th other industrial firms to expand usage in heavy
industry. One direct air capture (DAC) project is under development with industry involvement. Other
members are involved in research and development to find ways to lower the cost of the technology,
such as alternative separation capture methods.

CCUS has been supported in recent years by the 45Q tax credit, providing support for deployment, and
by increased federal research and development funding and focus in the 2020 Omnibus bill. CCUS
appears to have broad-based bipartisan support as a viable approach for reducing greenhouse gas
emissions fr...",33,,,"error: ""Could not resolve authentication method. Expected one of api_key, auth_token, or credentials to be set. Or for one of the `X-Api-Key` or `Authorization` headers to be explicitly omitted"""
api_22,13,CCUS,CCUS,11146,"...velopment to find ways to lower the cost of the technology,
such as alternative separation capture methods.

CCUS has been supported in recent years by the 45Q tax credit, providing support for deployment, and
by increased federal research and development funding and focus in the 2020 Omnibus bill. CCUS
appears to have broad-based bipartisan support as a viable approach for reducing greenhouse gas
emissions from energy-intensive industries and industries with significant process emissions.

________________________________
¹ IPCC, 2014: Climate Change 2014: Synthesis Report. Contribution of Workin...",34,,,"error: ""Could not resolve authentication method. Expected one of api_key, auth_token, or credentials to be set. Or for one of the `X-Api-Key` or `Authorization` headers to be explicitly omitted"""
api_22,13,Hydrogen,hydrogen,8396,"...uture projections. Topic: Carbon Capture, Use, and Storage (CCUS)

Brief Description of Topic/Industry Source:
CCUS is a carbon dioxide (CO₂) removal technology typically associated with electric power generation
and other industrial processes, such as ethanol production, natural gas processing and hydrogen
production. Carbon dioxide emissions are captured from the emissions stream and either converted to a
secondary product for use or stored underground in a dedicated storage well or via enhanced oil
recovery. CCUS is not an oil-and-gas specific technology but enables the use of petroleum and natural...",35,,,"error: ""Could not resolve authentication method. Expected one of api_key, auth_token, or credentials to be set. Or for one of the `X-Api-Key` or `Authorization` headers to be explicitly omitted"""
api_22,13,Hydrogen,hydrogen,10085,".... The U.S. has 13
commercial-scale carbon capture facilities in operation, with the capacity to capture on the order of 25
million metric tons (MMT) of CO2 annually. Four of the commercially operating facilities are associated
with natural gas processing, with an additional facility associated with hydrogen production through
steam-methane reformation (blue hydrogen). In 2018, operators reported capturing more than 13 MMT
CO2 for use with EOR, another 46 MMT CO2 was extracted from natural CO2 bearing formations and
could be substituted in the future with CO2 captured from waste streams. An additional...",36,,,"error: ""Could not resolve authentication method. Expected one of api_key, auth_token, or credentials to be set. Or for one of the `X-Api-Key` or `Authorization` headers to be explicitly omitted"""
api_22,13,Hydrogen,hydrogen,10145,"...in operation, with the capacity to capture on the order of 25
million metric tons (MMT) of CO2 annually. Four of the commercially operating facilities are associated
with natural gas processing, with an additional facility associated with hydrogen production through
steam-methane reformation (blue hydrogen). In 2018, operators reported capturing more than 13 MMT
CO2 for use with EOR, another 46 MMT CO2 was extracted from natural CO2 bearing formations and
could be substituted in the future with CO2 captured from waste streams. An additional 22 carbon
capture facilities are in various development stag...",37,,,"error: ""Could not resolve authentication method. Expected one of api_key, auth_token, or credentials to be set. Or for one of the `X-Api-Key` or `Authorization` headers to be explicitly omitted"""
api_23,14,CCUS,CCUS,5047,"...onday if necessary) to discuss further.

Thanks,

Matt Issue Paper

API is conducting an overview of our current policies and industry initiatives on climate change, and the tangible benefits
these measures will have on reducing greenhouse gas emissions. This review includes the following items:

•	CCUS - API supports policy reforms to infrastructure permitting and development for CCUS as well as research,
development and deployment funding to support technology breakthrough. API also supports federal tax provisions
incentivizing CCUS investment and deployment.
•	Methane – API supports cost-effect...",38,,,"error: ""Could not resolve authentication method. Expected one of api_key, auth_token, or credentials to be set. Or for one of the `X-Api-Key` or `Authorization` headers to be explicitly omitted"""
api_23,14,CCUS,CCUS,5131,"...g an overview of our current policies and industry initiatives on climate change, and the tangible benefits
these measures will have on reducing greenhouse gas emissions. This review includes the following items:

•	CCUS - API supports policy reforms to infrastructure permitting and development for CCUS as well as research,
development and deployment funding to support technology breakthrough. API also supports federal tax provisions
incentivizing CCUS investment and deployment.
•	Methane – API supports cost-effective policies and direct regulation that achieve methane emission reductions
from new...",39,,,"error: ""Could not resolve authentication method. Expected one of api_key, auth_token, or credentials to be set. Or for one of the `X-Api-Key` or `Authorization` headers to be explicitly omitted"""
api_23,14,CCUS,CCUS,5283,"...use gas emissions. This review includes the following items:

•	CCUS - API supports policy reforms to infrastructure permitting and development for CCUS as well as research,
development and deployment funding to support technology breakthrough. API also supports federal tax provisions
incentivizing CCUS investment and deployment.
•	Methane – API supports cost-effective policies and direct regulation that achieve methane emission reductions
from new and existing sources across the supply chain. Additionally, the oil and natural gas industry remains committed
to the development and deployment of new...",40,,,"error: ""Could not resolve authentication method. Expected one of api_key, auth_token, or credentials to be set. Or for one of the `X-Api-Key` or `Authorization` headers to be explicitly omitted"""
api_23,14,CCUS,CCUS,6829,"...=====================

API GHG Emission One-Pagers

Task Description: Develop a one-pager that qualifies and, if possible, quantifies past industry efforts that achieved
greenhouse gas emission reductions and projects future emission reductions for key industry operations/sources.

Topics - Lead
1.	CCUS – Marcus K
2.	Methane – Matt T
3.	Flaring – Matt T
4.	Refining Efficiency – Ron C and Andrew B
5.	Fuels – Patrick K
6.	LNG Exports – Dustin M and Jeff S
7.	Nat Gas in Power Generation – Dustin M and Jeff S

Outline

Topic: e.g., Methane

Brief Description of Topic/Industry Source: 2-3 sentences

AP...",41,,,"error: ""Could not resolve authentication method. Expected one of api_key, auth_token, or credentials to be set. Or for one of the `X-Api-Key` or `Authorization` headers to be explicitly omitted"""
api_26,17,CCUS,CCUS,192,"Message

From: Marcus Koblitz
Sent: 1/25/2021 1:58:56 PM
To: Stephen Comstock ██████████
CC: Aaron P. Padilla ██████
Subject: RE: API GHG Emission One-Pagers
Attachments: ExComm Issue Paper - CCUS draft 20210125.docx

Stephen,
Per our discussion on Friday, here’s a draft (or at least a start) for the 1-pager/issue paper on CCUS for the ExCom
application. I think I might need to take out the references to specific members. I can build out a little more on API’s
support for the Omnibus changes...",42,,,"error: ""Could not resolve authentication method. Expected one of api_key, auth_token, or credentials to be set. Or for one of the `X-Api-Key` or `Authorization` headers to be explicitly omitted"""
api_26,17,CCUS,CCUS,325,"...litz
Sent: 1/25/2021 1:58:56 PM
To: Stephen Comstock ██████████
CC: Aaron P. Padilla ██████
Subject: RE: API GHG Emission One-Pagers
Attachments: ExComm Issue Paper - CCUS draft 20210125.docx

Stephen,
Per our discussion on Friday, here’s a draft (or at least a start) for the 1-pager/issue paper on CCUS for the ExCom
application. I think I might need to take out the references to specific members. I can build out a little more on API’s
support for the Omnibus changes and 45Q changes, if we want to take a little bit of credit.

Marcus

From: Matthew Todd
Sent: Thursday, January 21, 2021 4:20 PM
To:...",43,,,"error: ""Could not resolve authentication method. Expected one of api_key, auth_token, or credentials to be set. Or for one of the `X-Api-Key` or `Authorization` headers to be explicitly omitted"""
api_26,17,CCUS,CCUS,2099,"...======================================================
Issue Paper API is conducting an overview of our current policies and industry initiatives on climate change, and the tangible benefits 
these measures will have on reducing greenhouse gas emissions. This review includes the following items:

• CCUS - API supports policy reforms to infrastructure permitting and development for CCUS as well as research, 
development and deployment funding to support technology breakthrough. API also supports federal tax provisions 
incentivizing CCUS investment and deployment.  
• Methane – API supports cost-ef...",44,,,"error: ""Could not resolve authentication method. Expected one of api_key, auth_token, or credentials to be set. Or for one of the `X-Api-Key` or `Authorization` headers to be explicitly omitted"""
api_26,17,CCUS,CCUS,2183,"...an overview of our current policies and industry initiatives on climate change, and the tangible benefits 
these measures will have on reducing greenhouse gas emissions. This review includes the following items:

• CCUS - API supports policy reforms to infrastructure permitting and development for CCUS as well as research, 
development and deployment funding to support technology breakthrough. API also supports federal tax provisions 
incentivizing CCUS investment and deployment.  
• Methane – API supports cost-effective policies and direct regulation that achieve methane emission reductions 
fro...",45,,,"error: ""Could not resolve authentication method. Expected one of api_key, auth_token, or credentials to be set. Or for one of the `X-Api-Key` or `Authorization` headers to be explicitly omitted"""
api_26,17,CCUS,CCUS,2337,"...e gas emissions. This review includes the following items:

• CCUS - API supports policy reforms to infrastructure permitting and development for CCUS as well as research, 
development and deployment funding to support technology breakthrough. API also supports federal tax provisions 
incentivizing CCUS investment and deployment.  
• Methane – API supports cost-effective policies and direct regulation that achieve methane emission reductions 
from new and existing sources across the supply chain. Additionally, the oil and natural gas industry remains committed 
to the development and deployment of...",46,,,"error: ""Could not resolve authentication method. Expected one of api_key, auth_token, or credentials to be set. Or for one of the `X-Api-Key` or `Authorization` headers to be explicitly omitted"""
api_26,17,CCUS,CCUS,3888,"...===================

API GHG Emission One-Pagers

Task Description: Develop a one-pager that qualifies and, if possible, quantifies past industry efforts that achieved 
greenhouse gas emission reductions and projects future emission reductions for key industry operations/sources.

Topics - Lead 
1. CCUS – Marcus K
2. Methane – Matt T
3. Flaring – Matt T
4. Refining Efficiency – Ron C and Andrew B
5. Fuels – Patrick K
6. LNG Exports – Dustin M and Jeff S
7. Nat Gas in Power Generation – Dustin M and Jeff S

Outline

Topic: e.g., Methane

Brief Description of Topic/Industry Source: 2-3 sentences

AP...",47,,,"error: ""Could not resolve authentication method. Expected one of api_key, auth_token, or credentials to be set. Or for one of the `X-Api-Key` or `Authorization` headers to be explicitly omitted"""
api_26,17,CCUS,Carbon Capture,4517,"...Trends Summary: Provide a description of the current source trends to date; emission reductions accomplished to 
through 2020; other industry achievements/efforts to reduce emissions.

Note: Include any available charts that “tell the story” of past trends and future projections.

 Outline

Topic: Carbon Capture, Use, and Storage (CCUS)

Brief Description of Topic/Industry Source: CCUS is a carbon dioxide removal technology typically 
associated with electric power generation and other industrial processes, such as ethanol production, 
natural gas processing and hydrogen production. Carbon dioxide emission...",48,,,"error: ""Could not resolve authentication method. Expected one of api_key, auth_token, or credentials to be set. Or for one of the `X-Api-Key` or `Authorization` headers to be explicitly omitted"""
api_26,17,CCUS,CCUS,4551,"...tion of the current source trends to date; emission reductions accomplished to 
through 2020; other industry achievements/efforts to reduce emissions.

Note: Include any available charts that “tell the story” of past trends and future projections.

 Outline

Topic: Carbon Capture, Use, and Storage (CCUS)

Brief Description of Topic/Industry Source: CCUS is a carbon dioxide removal technology typically 
associated with electric power generation and other industrial processes, such as ethanol production, 
natural gas processing and hydrogen production. Carbon dioxide emissions are captured from the...",49,,,"error: ""Could not resolve authentication method. Expected one of api_key, auth_token, or credentials to be set. Or for one of the `X-Api-Key` or `Authorization` headers to be explicitly omitted"""
api_26,17,CCUS,CCUS,4602,"...reductions accomplished to 
through 2020; other industry achievements/efforts to reduce emissions.

Note: Include any available charts that “tell the story” of past trends and future projections.

 Outline

Topic: Carbon Capture, Use, and Storage (CCUS)

Brief Description of Topic/Industry Source: CCUS is a carbon dioxide removal technology typically 
associated with electric power generation and other industrial processes, such as ethanol production, 
natural gas processing and hydrogen production. Carbon dioxide emissions are captured from the 
emissions stream and either converted to a second...",50,,,"error: ""Could not resolve authentication method. Expected one of api_key, auth_token, or credentials to be set. Or for one of the `X-Api-Key` or `Authorization` headers to be explicitly omitted"""
api_26,17,CCUS,carbon dioxide removal,4612,"...s accomplished to 
through 2020; other industry achievements/efforts to reduce emissions.

Note: Include any available charts that “tell the story” of past trends and future projections.

 Outline

Topic: Carbon Capture, Use, and Storage (CCUS)

Brief Description of Topic/Industry Source: CCUS is a carbon dioxide removal technology typically 
associated with electric power generation and other industrial processes, such as ethanol production, 
natural gas processing and hydrogen production. Carbon dioxide emissions are captured from the 
emissions stream and either converted to a second product for use, or stored u...",51,,,"error: ""Could not resolve authentication method. Expected one of api_key, auth_token, or credentials to be set. Or for one of the `X-Api-Key` or `Authorization` headers to be explicitly omitted"""
api_26,17,CCUS,CCUS,5004,"...ther industrial processes, such as ethanol production, 
natural gas processing and hydrogen production. Carbon dioxide emissions are captured from the 
emissions stream and either converted to a second product for use, or stored underground in a 
dedicated storage well or via enhanced oil recovery. CCUS is not an oil-and-gas specific technology but 
enables the use of petroleum and natural gas by providing an opportunity to capture and/or offset 
emissions, while also offering the opportunity to lower the carbon profile oil and gas production through 
CO₂-EOR.

API Policy (if available): API suppo...",52,,,"error: ""Could not resolve authentication method. Expected one of api_key, auth_token, or credentials to be set. Or for one of the `X-Api-Key` or `Authorization` headers to be explicitly omitted"""
api_26,17,CCUS,carbon capture,5380,"...leum and natural gas by providing an opportunity to capture and/or offset 
emissions, while also offering the opportunity to lower the carbon profile oil and gas production through 
CO₂-EOR.

API Policy (if available): API supports the advancement of the research, development, and 
demonstration of carbon capture utilization and storage (CCUS). Additionally, API supports policy 
reforms to infrastructure permitting and development for CCUS as well as research, development and 
deployment funding to support technology breakthrough. API also supports federal tax provisions 
incentivizing CCUS investment and d...",53,,,"error: ""Could not resolve authentication method. Expected one of api_key, auth_token, or credentials to be set. Or for one of the `X-Api-Key` or `Authorization` headers to be explicitly omitted"""
api_26,17,CCUS,CCUS,5420,"...ortunity to capture and/or offset 
emissions, while also offering the opportunity to lower the carbon profile oil and gas production through 
CO₂-EOR.

API Policy (if available): API supports the advancement of the research, development, and 
demonstration of carbon capture utilization and storage (CCUS). Additionally, API supports policy 
reforms to infrastructure permitting and development for CCUS as well as research, development and 
deployment funding to support technology breakthrough. API also supports federal tax provisions 
incentivizing CCUS investment and deployment.

Trends Summary: Th...",54,,,"error: ""Could not resolve authentication method. Expected one of api_key, auth_token, or credentials to be set. Or for one of the `X-Api-Key` or `Authorization` headers to be explicitly omitted"""
api_26,17,CCUS,CCUS,5519,"...on profile oil and gas production through 
CO₂-EOR.

API Policy (if available): API supports the advancement of the research, development, and 
demonstration of carbon capture utilization and storage (CCUS). Additionally, API supports policy 
reforms to infrastructure permitting and development for CCUS as well as research, development and 
deployment funding to support technology breakthrough. API also supports federal tax provisions 
incentivizing CCUS investment and deployment.

Trends Summary: The United States is the world leader in the deployment of CCUS technology. The U.S. 
has 13 commerci...",55,,,"error: ""Could not resolve authentication method. Expected one of api_key, auth_token, or credentials to be set. Or for one of the `X-Api-Key` or `Authorization` headers to be explicitly omitted"""
api_26,17,CCUS,CCUS,5673,"...ion of carbon capture utilization and storage (CCUS). Additionally, API supports policy 
reforms to infrastructure permitting and development for CCUS as well as research, development and 
deployment funding to support technology breakthrough. API also supports federal tax provisions 
incentivizing CCUS investment and deployment.

Trends Summary: The United States is the world leader in the deployment of CCUS technology. The U.S. 
has 13 commercial-scale carbon capture facilities operating today, with the capacity to capture on the 
order of 25 million tons of CO2 annually. Four of the commerciall...",56,,,"error: ""Could not resolve authentication method. Expected one of api_key, auth_token, or credentials to be set. Or for one of the `X-Api-Key` or `Authorization` headers to be explicitly omitted"""
api_26,17,CCUS,CCUS,5781,"...ucture permitting and development for CCUS as well as research, development and 
deployment funding to support technology breakthrough. API also supports federal tax provisions 
incentivizing CCUS investment and deployment.

Trends Summary: The United States is the world leader in the deployment of CCUS technology. The U.S. 
has 13 commercial-scale carbon capture facilities operating today, with the capacity to capture on the 
order of 25 million tons of CO2 annually. Four of the commercially operating facilities are associated 
with natural gas processing, with an additional facility associated w...",57,,,"error: ""Could not resolve authentication method. Expected one of api_key, auth_token, or credentials to be set. Or for one of the `X-Api-Key` or `Authorization` headers to be explicitly omitted"""
api_26,17,CCUS,carbon capture,5832,"...as research, development and 
deployment funding to support technology breakthrough. API also supports federal tax provisions 
incentivizing CCUS investment and deployment.

Trends Summary: The United States is the world leader in the deployment of CCUS technology. The U.S. 
has 13 commercial-scale carbon capture facilities operating today, with the capacity to capture on the 
order of 25 million tons of CO2 annually. Four of the commercially operating facilities are associated 
with natural gas processing, with an additional facility associated with hydrogen production through 
steam-methane reformation (b...",58,,,"error: ""Could not resolve authentication method. Expected one of api_key, auth_token, or credentials to be set. Or for one of the `X-Api-Key` or `Authorization` headers to be explicitly omitted"""
api_26,17,CCUS,CCUS,6162,"...ating today, with the capacity to capture on the 
order of 25 million tons of CO2 annually. Four of the commercially operating facilities are associated 
with natural gas processing, with an additional facility associated with hydrogen production through 
steam-methane reformation (blue hydrogen).

CCUS has been supported in recent years by the 45Q tax credit, providing support for deployment, and 
by increased federal research and development funding and focus in the 2020 Omnibus bill.

An additional 22 carbon capture facilities are in various development stages including under 
construction. Man...",59,,,"error: ""Could not resolve authentication method. Expected one of api_key, auth_token, or credentials to be set. Or for one of the `X-Api-Key` or `Authorization` headers to be explicitly omitted"""
api_26,17,CCUS,carbon capture,6372,"...associated with hydrogen production through 
steam-methane reformation (blue hydrogen).

CCUS has been supported in recent years by the 45Q tax credit, providing support for deployment, and 
by increased federal research and development funding and focus in the 2020 Omnibus bill.

An additional 22 carbon capture facilities are in various development stages including under 
construction. Many of the in-development facilities are associated with natural gas power generation. 
One “Direct Air Capture” project is under development with API member Oxy. Other members, including 
ExxonMobil are involved in resear...",60,,,"error: ""Could not resolve authentication method. Expected one of api_key, auth_token, or credentials to be set. Or for one of the `X-Api-Key` or `Authorization` headers to be explicitly omitted"""
api_26,17,CCUS,Direct Air Capture,6557,"..., and 
by increased federal research and development funding and focus in the 2020 Omnibus bill.

An additional 22 carbon capture facilities are in various development stages including under 
construction. Many of the in-development facilities are associated with natural gas power generation. 
One “Direct Air Capture” project is under development with API member Oxy. Other members, including 
ExxonMobil are involved in research and development to find ways to lower the cost of the technology, 
such as alternative capture methods.

---------------------------------------------------------------------------------...",61,,,"error: ""Could not resolve authentication method. Expected one of api_key, auth_token, or credentials to be set. Or for one of the `X-Api-Key` or `Authorization` headers to be explicitly omitted"""
api_26,17,Hydrogen,hydrogen,4787,"...rojections.

 Outline

Topic: Carbon Capture, Use, and Storage (CCUS)

Brief Description of Topic/Industry Source: CCUS is a carbon dioxide removal technology typically 
associated with electric power generation and other industrial processes, such as ethanol production, 
natural gas processing and hydrogen production. Carbon dioxide emissions are captured from the 
emissions stream and either converted to a second product for use, or stored underground in a 
dedicated storage well or via enhanced oil recovery. CCUS is not an oil-and-gas specific technology but 
enables the use of petroleum and natura...",62,,,"error: ""Could not resolve authentication method. Expected one of api_key, auth_token, or credentials to be set. Or for one of the `X-Api-Key` or `Authorization` headers to be explicitly omitted"""
api_26,17,Hydrogen,hydrogen,6089,"...hnology. The U.S. 
has 13 commercial-scale carbon capture facilities operating today, with the capacity to capture on the 
order of 25 million tons of CO2 annually. Four of the commercially operating facilities are associated 
with natural gas processing, with an additional facility associated with hydrogen production through 
steam-methane reformation (blue hydrogen).

CCUS has been supported in recent years by the 45Q tax credit, providing support for deployment, and 
by increased federal research and development funding and focus in the 2020 Omnibus bill.

An additional 22 carbon capture facilities...",63,,,"error: ""Could not resolve authentication method. Expected one of api_key, auth_token, or credentials to be set. Or for one of the `X-Api-Key` or `Authorization` headers to be explicitly omitted"""
api_26,17,Hydrogen,hydrogen,6150,"...ilities operating today, with the capacity to capture on the 
order of 25 million tons of CO2 annually. Four of the commercially operating facilities are associated 
with natural gas processing, with an additional facility associated with hydrogen production through 
steam-methane reformation (blue hydrogen).

CCUS has been supported in recent years by the 45Q tax credit, providing support for deployment, and 
by increased federal research and development funding and focus in the 2020 Omnibus bill.

An additional 22 carbon capture facilities are in various development stages including under 
construct...",64,,,"error: ""Could not resolve authentication method. Expected one of api_key, auth_token, or credentials to be set. Or for one of the `X-Api-Key` or `Authorization` headers to be explicitly omitted"""
api_3,18,Hydrogen,hydrogen,4811,"...needed. The Alliance
for Automotive Innovation’s John Bozzella:

“[N]either mandates nor bans build successful markets. What builds successful markets is widespread stakeholder
engagement: a combination of efforts by federal, state, and local governments, as well as automakers, dealers,
utilities, hydrogen providers, electric infrastructure providers, builders, and others.

Currently, electrified vehicles account for less than 10 percent of new vehicle sales in California. While that is the
best in the nation, much more needs to be done to increase consumer demand for Zero Emission Vehicles in
order...",65,,,"error: ""Could not resolve authentication method. Expected one of api_key, auth_token, or credentials to be set. Or for one of the `X-Api-Key` or `Authorization` headers to be explicitly omitted"""
api_45,24,Biofuels,biodiesel,8545,"...in 2007. ¹³

It was further assumed in EISA that a technological breakthrough in the production of advanced
and cellulosic biofuels would provide significant reductions in greenhouse gas emissions from
biofuels. These fuels have not been produced in commercial volumes, and conventional
ethanol and biodiesel remain the predominant biofuels used to meet the RFS mandate.


¹⁰ http://www.edmunds.com/ownership/howto/articles/120189/article.html
¹¹ EIA 2007 Annual Energy Outlook.
¹² EIA 2018 Annual Energy Outlook
¹³ API analysis of EIA data: DOE/EIA-0554(2007) released April 2008 and https://www.eia.gov/out...",66,,,"error: ""Could not resolve authentication method. Expected one of api_key, auth_token, or credentials to be set. Or for one of the `X-Api-Key` or `Authorization` headers to be explicitly omitted"""
api_45,24,Biofuels,biofuel,11429,"...the energy
sources used to generate the electricity required to charge the vehicle, and the environmental
cost of battery disposal.

14 NERA Economic Consulting; “Economic Impacts Resulting from Implementation of RFS2 Program”; July, 2015.
15 Renewable Identification Numbers (RINs) are generated by biofuel producers and used by refiners and importers of transportation fuels to
demonstrate compliance with the RFS program.

5 energy API

Electric vehicles show some promise in certain applications, and many forecasters expect
market-driven growth in their production and use. While we support market-driv...",67,,,"error: ""Could not resolve authentication method. Expected one of api_key, auth_token, or credentials to be set. Or for one of the `X-Api-Key` or `Authorization` headers to be explicitly omitted"""
api_6,31,Hydrogen,hydrogen,30994,"...ill remain an 
important energy source in the future. In recent years, many aspects of the industry have significantly 
evolved. For example, development of sophisticated technology and processes have allowed companies 
to access natural gas that can reduce emissions in power generation and support hydrogen development. 
Further, exports of natural gas were a marginal component of the industry in the early 2000s, but have 
become a major component of the business model today and can support emission reductions in other 
countries. Companies need flexibility to explain these and other approaches they m...",68,,,"error: ""Could not resolve authentication method. Expected one of api_key, auth_token, or credentials to be set. Or for one of the `X-Api-Key` or `Authorization` headers to be explicitly omitted"""
api_8,33,CCUS,"carbon capture, utilization and storage",3897,"...akers to support market-based policies that foster innovation, including carbon pricing.”

API and its members support climate actions in the following five areas:

Accelerate Technology and Innovation to reduce emissions while meeting growing energy needs.
• Fast-track the commercial deployment of carbon capture, utilization and storage (CCUS).
• Advance hydrogen technology, innovation and infrastructure.
• Advocate for the full appropriation of funds for research, development and deployment (RD&D) programs authorized in the bipartisan Energy Act of 2020.

Further Mitigate Emissions from Operations to accelerate environmental prog...",69,,,"error: ""Could not resolve authentication method. Expected one of api_key, auth_token, or credentials to be set. Or for one of the `X-Api-Key` or `Authorization` headers to be explicitly omitted"""
api_8,33,CCUS,CCUS,3938,"...at foster innovation, including carbon pricing.”

API and its members support climate actions in the following five areas:

Accelerate Technology and Innovation to reduce emissions while meeting growing energy needs.
• Fast-track the commercial deployment of carbon capture, utilization and storage (CCUS).
• Advance hydrogen technology, innovation and infrastructure.
• Advocate for the full appropriation of funds for research, development and deployment (RD&D) programs authorized in the bipartisan Energy Act of 2020.

Further Mitigate Emissions from Operations to accelerate environmental progress....",70,,,"error: ""Could not resolve authentication method. Expected one of api_key, auth_token, or credentials to be set. Or for one of the `X-Api-Key` or `Authorization` headers to be explicitly omitted"""
api_8,33,Hydrogen,hydrogen,586,"...ications today about API’s climate policy framework announcement (see Dustin’s email to the NGMC below). As you will see in the full report, so many of the issues that will guide API’s work on climate policymaking are related to the continued promotion of natural gas in a carbon constrained economy—hydrogen, low-carbon electricity generation, and differentiated natural gas are some examples. I want to recognize and thank you all for your expertise and leadership and we look forward to continued constructive advocacy around these issues.

Best,  
Jeff  

──────────────────────────────────────

From: Du...",71,,,"error: ""Could not resolve authentication method. Expected one of api_key, auth_token, or credentials to be set. Or for one of the `X-Api-Key` or `Authorization` headers to be explicitly omitted"""
api_8,33,Hydrogen,hydrogen,3955,"...ion, including carbon pricing.”

API and its members support climate actions in the following five areas:

Accelerate Technology and Innovation to reduce emissions while meeting growing energy needs.
• Fast-track the commercial deployment of carbon capture, utilization and storage (CCUS).
• Advance hydrogen technology, innovation and infrastructure.
• Advocate for the full appropriation of funds for research, development and deployment (RD&D) programs authorized in the bipartisan Energy Act of 2020.

Further Mitigate Emissions from Operations to accelerate environmental progress.
• Advance direct regu...",72,,,"error: ""Could not resolve authentication method. Expected one of api_key, auth_token, or credentials to be set. Or for one of the `X-Api-Key` or `Authorization` headers to be explicitly omitted"""
api_9,34,CCUS,"carbon capture, utilization and storage",5900,"...th pro-
development policies that will safeguard the billions of dollars in government revenue our industry 
generates at the state and local level.

And while we certainly applaud the administration’s efforts to address the risks of climate change by 


 
 incentivizing innovation and expansion of carbon capture, utilization and storage (CCUS) as part of 
this infrastructure package, there are other proven methods of advancing climate progress, like 
those outlined in API’s Climate Action Framework. Industry and government must work together to 
reduce the risks of climate change, while continuing to meet the world’s growing energ...",73,,,"error: ""Could not resolve authentication method. Expected one of api_key, auth_token, or credentials to be set. Or for one of the `X-Api-Key` or `Authorization` headers to be explicitly omitted"""
api_9,34,CCUS,CCUS,5941,"...feguard the billions of dollars in government revenue our industry 
generates at the state and local level.

And while we certainly applaud the administration’s efforts to address the risks of climate change by 


 
 incentivizing innovation and expansion of carbon capture, utilization and storage (CCUS) as part of 
this infrastructure package, there are other proven methods of advancing climate progress, like 
those outlined in API’s Climate Action Framework. Industry and government must work together to 
reduce the risks of climate change, while continuing to meet the world’s growing energy need...",74,,,"error: ""Could not resolve authentication method. Expected one of api_key, auth_token, or credentials to be set. Or for one of the `X-Api-Key` or `Authorization` headers to be explicitly omitted"""
bp_1,35,CCUS,CCUS,1322,"...Perspectives was
provided. A summary note has been circulated to members.
• Geoff Morrell was welcomed to his first meeting. Mike Nash has
taken over as legal representative.
• The June minutes were agreed.

Legal context
• An update on legal context was provided.

Carbon, capture, use and storage (CCUS)
IMWG members made the following comments in relation to the position:
• Be clear why we believe CCUS is important, where we are as BP
and what we want – make the key messages shorter and more
punchy. Make sure the position is suitable for generalists.



 • The final bullet on BP’s role should be...",75,,,"error: ""Could not resolve authentication method. Expected one of api_key, auth_token, or credentials to be set. Or for one of the `X-Api-Key` or `Authorization` headers to be explicitly omitted"""
bp_1,35,CCUS,CCUS,1424,"...to his first meeting. Mike Nash has
taken over as legal representative.
• The June minutes were agreed.

Legal context
• An update on legal context was provided.

Carbon, capture, use and storage (CCUS)
IMWG members made the following comments in relation to the position:
• Be clear why we believe CCUS is important, where we are as BP
and what we want – make the key messages shorter and more
punchy. Make sure the position is suitable for generalists.



 • The final bullet on BP’s role should be more assertive – BP in action.
• The fifth key message can be removed
• Outline that we are working on...",76,,,"error: ""Could not resolve authentication method. Expected one of api_key, auth_token, or credentials to be set. Or for one of the `X-Api-Key` or `Authorization` headers to be explicitly omitted"""
bp_1,35,CCUS,CCUS,1878,"....



 • The final bullet on BP’s role should be more assertive – BP in action.
• The fifth key message can be removed
• Outline that we are working on a number of options, some with bioenergy.
• Be more specific where possible on our policy asks: e.g. government support for demonstration; dedicated CCUS policy support; a carbon price.
• Bring out the economic benefits of CCUS (e.g. jobs).
• Emphasis complementarity with renewables rather than pitching against them.
• Consider more information on the utilization benefits and associated commercial opportunity.
• Highlight the relevance of industrial...",77,,,"error: ""Could not resolve authentication method. Expected one of api_key, auth_token, or credentials to be set. Or for one of the `X-Api-Key` or `Authorization` headers to be explicitly omitted"""
bp_1,35,CCUS,CCUS,1952,"...ion.
• The fifth key message can be removed
• Outline that we are working on a number of options, some with bioenergy.
• Be more specific where possible on our policy asks: e.g. government support for demonstration; dedicated CCUS policy support; a carbon price.
• Bring out the economic benefits of CCUS (e.g. jobs).
• Emphasis complementarity with renewables rather than pitching against them.
• Consider more information on the utilization benefits and associated commercial opportunity.
• Highlight the relevance of industrial use (where there is no alternative).

In addition, the background paper s...",78,,,"error: ""Could not resolve authentication method. Expected one of api_key, auth_token, or credentials to be set. Or for one of the `X-Api-Key` or `Authorization` headers to be explicitly omitted"""
bp_1,35,Biofuels,bioenergy,1760,"...P
and what we want – make the key messages shorter and more
punchy. Make sure the position is suitable for generalists.



 • The final bullet on BP’s role should be more assertive – BP in action.
• The fifth key message can be removed
• Outline that we are working on a number of options, some with bioenergy.
• Be more specific where possible on our policy asks: e.g. government support for demonstration; dedicated CCUS policy support; a carbon price.
• Bring out the economic benefits of CCUS (e.g. jobs).
• Emphasis complementarity with renewables rather than pitching against them.
• Consider more infor...",79,,,"error: ""Could not resolve authentication method. Expected one of api_key, auth_token, or credentials to be set. Or for one of the `X-Api-Key` or `Authorization` headers to be explicitly omitted"""
bp_10,36,CCUS,CCS,3007,"...jects assessing risk from climate impacts and guidance for operations on climate adaptation.
  - Scientific research - assessment of climate change technology and policy risks through supporting research and science.
Related briefs: Biofuels, BP programme of action on climate change, Carbon offset, CCS, Climate change adaptation, Energy efficiency, Life cycle assessment, Low carbon fuel standards, Methane, Paris climate agreement, Role of natural gas, Unburnable carbon.

Additional information
Climate change and GHG emission trends

 • BP uses the peer reviewed Intergovernmental Panel on Climate...",80,,,"error: ""Could not resolve authentication method. Expected one of api_key, auth_token, or credentials to be set. Or for one of the `X-Api-Key` or `Authorization` headers to be explicitly omitted"""
bp_10,36,CCUS,CCS,6226,"...Natural gas - emits about half the CO₂ of coal when burned for power.
• Energy efficiency (especially in transport) - helps with affordability (less energy), security 
(reduced import dependence) and sustainability (reduced emissions).
• Renewables - growing rapidly but starting from a low base.
• CCS - could enable continued large-scale use of fossil fuels in a tightly carbon-limited world 
but faces substantial technology, commercial and logistical challenges.
• Nuclear - significant potential but waste disposal & consumer acceptance challenges.

Contact Paul Jefferiss",81,,,"error: ""Could not resolve authentication method. Expected one of api_key, auth_token, or credentials to be set. Or for one of the `X-Api-Key` or `Authorization` headers to be explicitly omitted"""
bp_11,37,Biofuels,algae,9282,"...spending by 15 per cent over 2013-15.

Vijay Swarup, vice-president of research and engineering at Exxon, said the company's commitment to its
R&D programme was “very encouraging”.

Exxon has high-profile long-term research programmes, including work on extracting biofuels from genetically
modified algae launched in 2009, and the alliance to develop new technology for capturing carbon dioxide from
power plants, announced earlier this month.

""Markets fluctuate, but we know that science does not,"" Mr Swarup said. ""You have to be patient. The cycle
from discovery to deployment can take decades.""

Vir...",82,,,"error: ""Could not resolve authentication method. Expected one of api_key, auth_token, or credentials to be set. Or for one of the `X-Api-Key` or `Authorization` headers to be explicitly omitted"""
bp_11,37,Hydrogen,hydrogen,2414,"...parate division, New Energies, to invest in renewable 
and low-carbon power.

The move emerged days after experts at Chatham House warned international oil companies they must 
transform their business or face a “short, brutal” end within 10 years.

Shell’s new division brings together its existing hydrogen, biofuels and electrical activities but will also be used 
as a base for a new drive into wind power, according to an internal announcement to company staff.

With $1.7bn of capital investment currently attached to it and annual capital expenditure of $200m, New 
Energies will be run alongside the...",83,,,"error: ""Could not resolve authentication method. Expected one of api_key, auth_token, or credentials to be set. Or for one of the `X-Api-Key` or `Authorization` headers to be explicitly omitted"""
bp_11,37,Hydrogen,hydrogen,5201,"...” he said.

The following day Shell announced it was bidding in a partnership to build two windfarms off the Dutch coast 
that will be big enough to power 825,000 households.
 Shell already holds interests in nine other wind projects in North America and Europe, although spending on
wind, solar and hydrogen projects was suspended by former chief executive Jeroen van der Veer in 2009. A
substantial solar operation had been largely sold off three years before that.

Rival BP also promised to go “beyond petroleum” and established an Alternative Energy business with its own
London headquarters and chief e...",84,,,"error: ""Could not resolve authentication method. Expected one of api_key, auth_token, or credentials to be set. Or for one of the `X-Api-Key` or `Authorization` headers to be explicitly omitted"""
bp_12,38,CCUS,ccs,693,"...---------------------

From: Kassia Yanosek <████████████@mckinsey.com>
Sent: Sunday, April 25, 2021 2:55 PM
To: Sykes, Starlee R <████████@bp.com>
Subject: RE: Morning Consult Energy: What's Ahead & Week in Review

Ha! On their website: https://energyfactor.exxonmobil.com/insights/partners/houston-ccs-hub/

Do you think you could partner??

---------------------------------------------------------------

From: Sykes, Starlee R <████████@bp.com>
Sent: Sunday, April 25, 2021 2:39 PM
To: Kassia Yanosek <████████████@mckinsey.com>
Subject: [EXT]FW: Morning Consult Energy: What's Ahead & Week in Revi...",85,,,"error: ""Could not resolve authentication method. Expected one of api_key, auth_token, or credentials to be set. Or for one of the `X-Api-Key` or `Authorization` headers to be explicitly omitted"""
bp_14,39,CCUS,CCUS,24667,"...products is forecast to be $25m - $80m. A similar impact is expected in 2019.
  ○ BP has submitted 29 requests for steel tariff exclusions. Twelve have been approved, 5 were denied and have been reapplied for, and decisions are still pending for the remaining 12.

Carbon, Capture, Use and Storage (CCUS)
  ○ CCUS technologies are proven, reliable, and in use. Accelerated scale-up of deployment is essential to meet the dual challenge of providing the energy needed for a growing world while achieving deep emissions reductions at lowest cost. This will also help protect U.S. jobs and economic prosper...",86,,,"error: ""Could not resolve authentication method. Expected one of api_key, auth_token, or credentials to be set. Or for one of the `X-Api-Key` or `Authorization` headers to be explicitly omitted"""
bp_14,39,CCUS,CCUS,24677,"...is forecast to be $25m - $80m. A similar impact is expected in 2019.
  ○ BP has submitted 29 requests for steel tariff exclusions. Twelve have been approved, 5 were denied and have been reapplied for, and decisions are still pending for the remaining 12.

Carbon, Capture, Use and Storage (CCUS)
  ○ CCUS technologies are proven, reliable, and in use. Accelerated scale-up of deployment is essential to meet the dual challenge of providing the energy needed for a growing world while achieving deep emissions reductions at lowest cost. This will also help protect U.S. jobs and economic prosperity.
  ○ C...",87,,,"error: ""Could not resolve authentication method. Expected one of api_key, auth_token, or credentials to be set. Or for one of the `X-Api-Key` or `Authorization` headers to be explicitly omitted"""
bp_14,39,CCUS,CCUS,24980,"...S technologies are proven, reliable, and in use. Accelerated scale-up of deployment is essential to meet the dual challenge of providing the energy needed for a growing world while achieving deep emissions reductions at lowest cost. This will also help protect U.S. jobs and economic prosperity.
  ○ CCUS scale-up requires targeted policy support to achieve further cost reductions, through:
    o Shared CO₂ transport and storage infrastructure
    o Continued collaboration between government and industry, enabled through incentives such as the US 45Q tax credit, which rewards CO₂ use to enhance oil...",88,,,"error: ""Could not resolve authentication method. Expected one of api_key, auth_token, or credentials to be set. Or for one of the `X-Api-Key` or `Authorization` headers to be explicitly omitted"""
bp_14,39,CCUS,CCUS,25433,"...ontinued collaboration between government and industry, enabled through incentives such as the US 45Q tax credit, which rewards CO₂ use to enhance oil recovery ($35/ton) and underground storage ($50/ton)
    o A sustained carbon price to underpin broader, longer-term deployment
  ○ BP is supporting CCUS through its own activities, including:
    o Leadership of the US National Petroleum Council (NPC) CCUS Study
    o The Oil and Gas Climate Initiative (OGCI); and
    o The Energy Advance Center (EAC), a U.S. group which advocates for policies and incentives to support CCUS deployment (BP is a foun...",89,,,"error: ""Could not resolve authentication method. Expected one of api_key, auth_token, or credentials to be set. Or for one of the `X-Api-Key` or `Authorization` headers to be explicitly omitted"""
bp_14,39,CCUS,CCUS,25537,"...x credit, which rewards CO₂ use to enhance oil recovery ($35/ton) and underground storage ($50/ton)
    o A sustained carbon price to underpin broader, longer-term deployment
  ○ BP is supporting CCUS through its own activities, including:
    o Leadership of the US National Petroleum Council (NPC) CCUS Study
    o The Oil and Gas Climate Initiative (OGCI); and
    o The Energy Advance Center (EAC), a U.S. group which advocates for policies and incentives to support CCUS deployment (BP is a founding member along with XOM and Chevron). • BP encourages the Treasury Department to quickly issue guidan...",90,,,"error: ""Could not resolve authentication method. Expected one of api_key, auth_token, or credentials to be set. Or for one of the `X-Api-Key` or `Authorization` headers to be explicitly omitted"""
bp_14,39,CCUS,CCUS,25708,"...ent
  ○ BP is supporting CCUS through its own activities, including:
    o Leadership of the US National Petroleum Council (NPC) CCUS Study
    o The Oil and Gas Climate Initiative (OGCI); and
    o The Energy Advance Center (EAC), a U.S. group which advocates for policies and incentives to support CCUS deployment (BP is a founding member along with XOM and Chevron). • BP encourages the Treasury Department to quickly issue guidance or regulations to 
  clarify key terms in the 45Q legislation. Projects are not likely to move forward until 
  Treasury clarifies the key terms.
  o ""Secure geological...",91,,,"error: ""Could not resolve authentication method. Expected one of api_key, auth_token, or credentials to be set. Or for one of the `X-Api-Key` or `Authorization` headers to be explicitly omitted"""
bp_14,39,CCUS,CCUS,26270,"...fies the key terms.
  o ""Secure geological storage” should be defined in a way that recognizes that 
     enhanced oil recovery does not require the same level of assurance as deep saline 
     aquifer storage.
  o Treasury should work with DOE and EPA to quickly resolve this issue.

Background
  o CCUS is the only cost-effective means of achieving deep emissions reductions in 
     existing power infrastructure and energy-intensive industries that rely on the 
     use of fossil fuels.
  o CCUS for power generation is in the early, high-cost stage of development. 
     Further advances in CO2 cap...",92,,,"error: ""Could not resolve authentication method. Expected one of api_key, auth_token, or credentials to be set. Or for one of the `X-Api-Key` or `Authorization` headers to be explicitly omitted"""
bp_14,39,CCUS,CCUS,26466,"...uifer storage.
  o Treasury should work with DOE and EPA to quickly resolve this issue.

Background
  o CCUS is the only cost-effective means of achieving deep emissions reductions in 
     existing power infrastructure and energy-intensive industries that rely on the 
     use of fossil fuels.
  o CCUS for power generation is in the early, high-cost stage of development. 
     Further advances in CO2 capture technology are needed to compete with 
     continued advances being made in renewable energy sources and energy 
     storage.
  o Societal concerns with CCUS include extending the use of fo...",93,,,"error: ""Could not resolve authentication method. Expected one of api_key, auth_token, or credentials to be set. Or for one of the `X-Api-Key` or `Authorization` headers to be explicitly omitted"""
bp_14,39,CCUS,CCUS,26734,"...use of fossil fuels.
  o CCUS for power generation is in the early, high-cost stage of development. 
     Further advances in CO2 capture technology are needed to compete with 
     continued advances being made in renewable energy sources and energy 
     storage.
  o Societal concerns with CCUS include extending the use of fossil fuels, and the 
     potential risk for CO2 leakage. Not all forms of CO2 use result in a net 
     reduction in GHG emissions, so high quality options need to be real, additional, 
     verifiable, permanent and effective.
  o BP is involved in two active CCUS p...",94,,,"error: ""Could not resolve authentication method. Expected one of api_key, auth_token, or credentials to be set. Or for one of the `X-Api-Key` or `Authorization` headers to be explicitly omitted"""
bp_14,39,CCUS,CCUS,27032,"...h CCUS include extending the use of fossil fuels, and the 
     potential risk for CO2 leakage. Not all forms of CO2 use result in a net 
     reduction in GHG emissions, so high quality options need to be real, additional, 
     verifiable, permanent and effective.
  o BP is involved in two active CCUS projects and pursuing a portfolio of new CCUS 
     projects with the potential to be value accretive. BP Ventures has invested in 
     companies which use CO2 to make products - Solidia (pre-cast concrete), and 
     Carbonfree Chemicals (baking soda and bleach).
  o The OGCI Climate Investment (...",95,,,"error: ""Could not resolve authentication method. Expected one of api_key, auth_token, or credentials to be set. Or for one of the `X-Api-Key` or `Authorization` headers to be explicitly omitted"""
bp_14,39,CCUS,CCUS,27078,"...ls, and the 
     potential risk for CO2 leakage. Not all forms of CO2 use result in a net 
     reduction in GHG emissions, so high quality options need to be real, additional, 
     verifiable, permanent and effective.
  o BP is involved in two active CCUS projects and pursuing a portfolio of new CCUS 
     projects with the potential to be value accretive. BP Ventures has invested in 
     companies which use CO2 to make products - Solidia (pre-cast concrete), and 
     Carbonfree Chemicals (baking soda and bleach).
  o The OGCI Climate Investment (CI) fund has also invested in 4 projects,...",96,,,"error: ""Could not resolve authentication method. Expected one of api_key, auth_token, or credentials to be set. Or for one of the `X-Api-Key` or `Authorization` headers to be explicitly omitted"""
bp_14,39,CCUS,CCUS,27489,"...use CO2 to make products - Solidia (pre-cast concrete), and 
     Carbonfree Chemicals (baking soda and bleach).
  o The OGCI Climate Investment (CI) fund has also invested in 4 projects,  
     including Solidia, and acquired a UK project (Teeside) to design a full-scale gas
     power plant with CCUS and attract government and private funding.
  o To stimulate investment in carbon capture, the 2018 US Budget Bill expanded 
     incentives for CCUS projects by raising the existing so called ‘45Q’ tax credit 
     from USD22 t/CO2 to USD 50 t/CO2 in 2026. In addition, carbon storage via EOR...",97,,,"error: ""Could not resolve authentication method. Expected one of api_key, auth_token, or credentials to be set. Or for one of the `X-Api-Key` or `Authorization` headers to be explicitly omitted"""
bp_14,39,CCUS,carbon capture,27569,"...emicals (baking soda and bleach).
  o The OGCI Climate Investment (CI) fund has also invested in 4 projects,  
     including Solidia, and acquired a UK project (Teeside) to design a full-scale gas
     power plant with CCUS and attract government and private funding.
  o To stimulate investment in carbon capture, the 2018 US Budget Bill expanded 
     incentives for CCUS projects by raising the existing so called ‘45Q’ tax credit 
     from USD22 t/CO2 to USD 50 t/CO2 in 2026. In addition, carbon storage via EOR 
     and other utilization processes receive tax credit of USD 35 t/CO2 by 2026. BP 
     oppo...",98,,,"error: ""Could not resolve authentication method. Expected one of api_key, auth_token, or credentials to be set. Or for one of the `X-Api-Key` or `Authorization` headers to be explicitly omitted"""
bp_14,39,CCUS,CCUS,27639,"...fund has also invested in 4 projects,  
     including Solidia, and acquired a UK project (Teeside) to design a full-scale gas
     power plant with CCUS and attract government and private funding.
  o To stimulate investment in carbon capture, the 2018 US Budget Bill expanded 
     incentives for CCUS projects by raising the existing so called ‘45Q’ tax credit 
     from USD22 t/CO2 to USD 50 t/CO2 in 2026. In addition, carbon storage via EOR 
     and other utilization processes receive tax credit of USD 35 t/CO2 by 2026. BP 
     opportunities include a portfolio of CCUS projects and investmen...",99,,,"error: ""Could not resolve authentication method. Expected one of api_key, auth_token, or credentials to be set. Or for one of the `X-Api-Key` or `Authorization` headers to be explicitly omitted"""
bp_14,39,CCUS,carbon storage,27765,"...s
     power plant with CCUS and attract government and private funding.
  o To stimulate investment in carbon capture, the 2018 US Budget Bill expanded 
     incentives for CCUS projects by raising the existing so called ‘45Q’ tax credit 
     from USD22 t/CO2 to USD 50 t/CO2 in 2026. In addition, carbon storage via EOR 
     and other utilization processes receive tax credit of USD 35 t/CO2 by 2026. BP 
     opportunities include a portfolio of CCUS projects and investment opportunities 
     for utilization projects. The key next step is to clarify IRS requirements on 
     long-term liabilities and repo...",100,,,"error: ""Could not resolve authentication method. Expected one of api_key, auth_token, or credentials to be set. Or for one of the `X-Api-Key` or `Authorization` headers to be explicitly omitted"""
bp_14,39,CCUS,CCUS,27916,"...d 
     incentives for CCUS projects by raising the existing so called ‘45Q’ tax credit 
     from USD22 t/CO2 to USD 50 t/CO2 in 2026. In addition, carbon storage via EOR 
     and other utilization processes receive tax credit of USD 35 t/CO2 by 2026. BP 
     opportunities include a portfolio of CCUS projects and investment opportunities 
     for utilization projects. The key next step is to clarify IRS requirements on 
     long-term liabilities and reporting while securing the tax credits, with a 
     potential value ~$28m over the next 3 years.
  o BP is a founding member of the Energy Adv...",101,,,"error: ""Could not resolve authentication method. Expected one of api_key, auth_token, or credentials to be set. Or for one of the `X-Api-Key` or `Authorization` headers to be explicitly omitted"""
bp_14,39,CCUS,CCUS,28313,"...o clarify IRS requirements on 
     long-term liabilities and reporting while securing the tax credits, with a 
     potential value ~$28m over the next 3 years.
  o BP is a founding member of the Energy Advance Center (EAC) - a voluntary 
     association dedicated to development and deployment of CCUS. EAC focus 
     areas include reforming injection control requirements for permitting, 45Q 
     reporting requirements, encouraging more incentives for wider deployment, 
     promoting infrastructure and land availability for storage and support for R&D 
     funding. Other members include Chevr...",102,,,"error: ""Could not resolve authentication method. Expected one of api_key, auth_token, or credentials to be set. Or for one of the `X-Api-Key` or `Authorization` headers to be explicitly omitted"""
bp_14,39,CCUS,CCUS,28922,"...xxonMobil, Southern Company.
  o In September 2017, U.S. Secretary of Energy Rick Perry requested the advice of 
     the National Petroleum Council (NPC) on two major topics: to analyze U.S. 
     infrastructure for transporting oil and natural gas; and to define pathways for 
     commercializing CCUS. John Mingé has agreed to Chair the NPC CCUS study on 
     behalf of BP, which will undertake a comprehensive study on the further 
     deployment of CCUS. The study is expected to be completed by the end of 
     2019.

Well Control Rule • BP has already adopted deepwater drilling standards in t...",103,,,"error: ""Could not resolve authentication method. Expected one of api_key, auth_token, or credentials to be set. Or for one of the `X-Api-Key` or `Authorization` headers to be explicitly omitted"""
bp_14,39,CCUS,CCUS,28967,"...2017, U.S. Secretary of Energy Rick Perry requested the advice of 
     the National Petroleum Council (NPC) on two major topics: to analyze U.S. 
     infrastructure for transporting oil and natural gas; and to define pathways for 
     commercializing CCUS. John Mingé has agreed to Chair the NPC CCUS study on 
     behalf of BP, which will undertake a comprehensive study on the further 
     deployment of CCUS. The study is expected to be completed by the end of 
     2019.

Well Control Rule • BP has already adopted deepwater drilling standards in the Gulf of Mexico that exceed
current regulat...",104,,,"error: ""Could not resolve authentication method. Expected one of api_key, auth_token, or credentials to be set. Or for one of the `X-Api-Key` or `Authorization` headers to be explicitly omitted"""
bp_14,39,CCUS,CCUS,29079,"...two major topics: to analyze U.S. 
     infrastructure for transporting oil and natural gas; and to define pathways for 
     commercializing CCUS. John Mingé has agreed to Chair the NPC CCUS study on 
     behalf of BP, which will undertake a comprehensive study on the further 
     deployment of CCUS. The study is expected to be completed by the end of 
     2019.

Well Control Rule • BP has already adopted deepwater drilling standards in the Gulf of Mexico that exceed
current regulatory requirements and has shared our expertise and experience in
applying these standards.
• We are aware that th...",105,,,"error: ""Could not resolve authentication method. Expected one of api_key, auth_token, or credentials to be set. Or for one of the `X-Api-Key` or `Authorization` headers to be explicitly omitted"""
bp_2,45,CCUS,carbon capture,3778,"...nergy producer in the US, and have a recently established a bio-products business, 
Butamax, in partnership with DuPont. 
• Supporting innovation and venturing: Technological innovation underpins our efforts to 
make operations and products more efficient and lower carbon, including through use of 
carbon capture use and storage (CCUS). Around half of our venturing investments focus 
on low carbon solutions. 
• Pursuing efficient operations: We work to manage our GHG emissions by improving 
energy efficiency, as well as by reducing flaring. We are a member of the World Bank 
Zero Routine Flaring by 2030 ini...",106,,,"error: ""Could not resolve authentication method. Expected one of api_key, auth_token, or credentials to be set. Or for one of the `X-Api-Key` or `Authorization` headers to be explicitly omitted"""
bp_2,45,CCUS,CCUS,3810,"...ve a recently established a bio-products business, 
Butamax, in partnership with DuPont. 
• Supporting innovation and venturing: Technological innovation underpins our efforts to 
make operations and products more efficient and lower carbon, including through use of 
carbon capture use and storage (CCUS). Around half of our venturing investments focus 
on low carbon solutions. 
• Pursuing efficient operations: We work to manage our GHG emissions by improving 
energy efficiency, as well as by reducing flaring. We are a member of the World Bank 
Zero Routine Flaring by 2030 initiative. Each of BP’s...",107,,,"error: ""Could not resolve authentication method. Expected one of api_key, auth_token, or credentials to be set. Or for one of the `X-Api-Key` or `Authorization` headers to be explicitly omitted"""
bp_2,45,CCUS,CCUS,6007,"...so need to change behaviour - currently 
around 80-90% of CO₂ emissions from oil and gas products are from their use by 
consumers in transportation, plants, industries and buildings. 
• A diverse mix of fuels and technologies is needed: energy efficiency; natural gas; 
renewables; electrification; CCUS; nuclear. 

Contact Paul Jefferiss 

BP Position                       Updated: 11 July 2017                          2",108,,,"error: ""Could not resolve authentication method. Expected one of api_key, auth_token, or credentials to be set. Or for one of the `X-Api-Key` or `Authorization` headers to be explicitly omitted"""
bp_22,48,CCUS,CCUS,2278,"...pressure. Business case is weaker.
	c. Advanced Bioproducts - Paul Beckworth - specifically bio plastics and low carbon feedstocks. Best thought through and advanced of all work streams. Waste plastics to fuels - David Eyton is opposed to this.
	d. Carbon management - this is drifting. Offsets and CCUS are the big leavers. Rhetoric in America does not currently embrace Hydrogen. It is a smaller narrative in the NPC report than it would in China or other countries.
	e. Issue in BP - is the absence of a business championing CCUS. For US - it would be work in Whiting, Cherry Point, and Texas Coast....",109,,,"error: ""Could not resolve authentication method. Expected one of api_key, auth_token, or credentials to be set. Or for one of the `X-Api-Key` or `Authorization` headers to be explicitly omitted"""
bp_22,48,CCUS,CCUS,2507,"...opposed to this.
	d. Carbon management - this is drifting. Offsets and CCUS are the big leavers. Rhetoric in America does not currently embrace Hydrogen. It is a smaller narrative in the NPC report than it would in China or other countries.
	e. Issue in BP - is the absence of a business championing CCUS. For US - it would be work in Whiting, Cherry Point, and Texas Coast. OCGI is creating a Texas Coast project. This is a more pressing issue for BP in the US than the policy side.
	f. Digital - we are currently only pushing on EMERGING (blockchain, quantum) technologies, but there is less interest i...",110,,,"error: ""Could not resolve authentication method. Expected one of api_key, auth_token, or credentials to be set. Or for one of the `X-Api-Key` or `Authorization` headers to be explicitly omitted"""
bp_22,48,CCUS,CCUS,3343,"...has a richness of resources to solve these issues, and it is sadly not been a priority. 
   The technologies would be exportable, and would create value. Need to continue to push 
   on renewable power
4) Framing of Priorities – based on input from Lamar. Areas to consider include
   a. Power
   b. CCUS
   c. Hydrogen
   d. Midstream
   e. Upstream
   f. Downstream
5) Other context from Lamar- call it an integrated agenda. Similar to what we are trying to do in 
   India, china, US and Brazil - integrated priorities. There is going to be some organisational 
   changes - including teams for ccus a...",111,,,"error: ""Could not resolve authentication method. Expected one of api_key, auth_token, or credentials to be set. Or for one of the `X-Api-Key` or `Authorization` headers to be explicitly omitted"""
bp_22,48,CCUS,ccus,3641,".... CCUS
   c. Hydrogen
   d. Midstream
   e. Upstream
   f. Downstream
5) Other context from Lamar- call it an integrated agenda. Similar to what we are trying to do in 
   India, china, US and Brazil - integrated priorities. There is going to be some organisational 
   changes - including teams for ccus and sustainability, 
6) 2020 priorities- early thoughts from Lamar
   a. Climate - energy transition
   b. In general - parallel and purpose and ambition and new strategy rollout that will happen in
      the first part of the year.
   c. Upstream, GOM and L48
   d. Downstream will continue with sa...",112,,,"error: ""Could not resolve authentication method. Expected one of api_key, auth_token, or credentials to be set. Or for one of the `X-Api-Key` or `Authorization` headers to be explicitly omitted"""
bp_22,48,Hydrogen,Hydrogen,2351,"...orth - specifically bio plastics and low carbon feedstocks. Best thought through and advanced of all work streams. Waste plastics to fuels - David Eyton is opposed to this.
	d. Carbon management - this is drifting. Offsets and CCUS are the big leavers. Rhetoric in America does not currently embrace Hydrogen. It is a smaller narrative in the NPC report than it would in China or other countries.
	e. Issue in BP - is the absence of a business championing CCUS. For US - it would be work in Whiting, Cherry Point, and Texas Coast. OCGI is creating a Texas Coast project. This is a more pressing issue for BP...",113,,,"error: ""Could not resolve authentication method. Expected one of api_key, auth_token, or credentials to be set. Or for one of the `X-Api-Key` or `Authorization` headers to be explicitly omitted"""
bp_22,48,Hydrogen,Hydrogen,3354,"...ess of resources to solve these issues, and it is sadly not been a priority. 
   The technologies would be exportable, and would create value. Need to continue to push 
   on renewable power
4) Framing of Priorities – based on input from Lamar. Areas to consider include
   a. Power
   b. CCUS
   c. Hydrogen
   d. Midstream
   e. Upstream
   f. Downstream
5) Other context from Lamar- call it an integrated agenda. Similar to what we are trying to do in 
   India, china, US and Brazil - integrated priorities. There is going to be some organisational 
   changes - including teams for ccus and sustainabili...",114,,,"error: ""Could not resolve authentication method. Expected one of api_key, auth_token, or credentials to be set. Or for one of the `X-Api-Key` or `Authorization` headers to be explicitly omitted"""
bp_24,50,CCUS,CCUS,117,"October 9, 2018

Dear Steering Committee Members,

The purpose of this note is to provide a status update on the NPC CCUS Study and solicit your feedback on findings to date and our proposed path forward.

Since kicking off the framing exercise in July, we have established an overall project governance structure, filled key roles within the Coordinating Subcommittee (CSC), task groups and subgroups, and aligned on an...",115,,,"error: ""Could not resolve authentication method. Expected one of api_key, auth_token, or credentials to be set. Or for one of the `X-Api-Key` or `Authorization` headers to be explicitly omitted"""
bp_24,50,CCUS,Carbon Capture,828,"...rk for the study to inform the work the task groups will do over the coming months.

The following material summarizes emerging findings to date. These insights are based on a broad range of interviews, peer-reviewed publications, industry and government reports, NPC meetings and workshops, and the Carbon Capture Technology Development Forum, which was held in Birmingham, Alabama, in conjunction with a CSC workshop in September. It is an early draft and requires refinement by the task groups. In addition, information in red text represents preliminary and/or unknown data requiring further analysis.

The doc...",116,,,"error: ""Could not resolve authentication method. Expected one of api_key, auth_token, or credentials to be set. Or for one of the `X-Api-Key` or `Authorization` headers to be explicitly omitted"""
bp_24,50,CCUS,CCUS,1920,"...his additional information, please let me know.

I welcome your feedback on the overall work to date and guidance going forward. Please feel free to send me any comments you have, and I will pull them together to share with you and the CSC.

Regards,

[Signature]

John Mingé
Chair, NPC Committee on CCUS NPC study request & project charter

NATIONAL PETROLEUM COUNCIL (NPC) STUDY REQUEST

The NPC is a federally chartered and privately funded advisory committee established by the
Secretary of the Interior in 1946 at the request of President Harry Truman whose sole purpose is
to advise, inform, and ma...",117,,,"error: ""Could not resolve authentication method. Expected one of api_key, auth_token, or credentials to be set. Or for one of the `X-Api-Key` or `Authorization` headers to be explicitly omitted"""
bp_24,50,CCUS,Carbon Capture,2454,"...President Harry Truman whose sole purpose is
to advise, inform, and make recommendations to the Secretary of Energy with respect to any
matter relating to oil & natural gas. The US Secretary of Energy, Rick Perry, requested that the
NPC undertake a study to define potential pathways for integrating Carbon Capture, Use &
Storage (CCUS) at scale into the energy and industrial marketplace, with a specific emphasis on
the petroleum industry. Key questions to be addressed in this report include:

1. What are the United States’ and global future energy demand outlooks and, based on
   these outlooks, the environm...",118,,,"error: ""Could not resolve authentication method. Expected one of api_key, auth_token, or credentials to be set. Or for one of the `X-Api-Key` or `Authorization` headers to be explicitly omitted"""
bp_24,50,CCUS,CCUS,2485,"...le purpose is
to advise, inform, and make recommendations to the Secretary of Energy with respect to any
matter relating to oil & natural gas. The US Secretary of Energy, Rick Perry, requested that the
NPC undertake a study to define potential pathways for integrating Carbon Capture, Use &
Storage (CCUS) at scale into the energy and industrial marketplace, with a specific emphasis on
the petroleum industry. Key questions to be addressed in this report include:

1. What are the United States’ and global future energy demand outlooks and, based on
   these outlooks, the environmental benefits result...",119,,,"error: ""Could not resolve authentication method. Expected one of api_key, auth_token, or credentials to be set. Or for one of the `X-Api-Key` or `Authorization` headers to be explicitly omitted"""
bp_24,50,CCUS,CCUS,2817,"...nd industrial marketplace, with a specific emphasis on
the petroleum industry. Key questions to be addressed in this report include:

1. What are the United States’ and global future energy demand outlooks and, based on
   these outlooks, the environmental benefits resulting from the application of CCUS
   technologies in various end-use sectors?

2. What research and development, technology, and infrastructure barriers must be
overcome to ensure the economic deployment of CCUS at scale in various end-use
   sectors?

3. How should the success of CCUS at scale be defined?

4. What actions can be t...",120,,,"error: ""Could not resolve authentication method. Expected one of api_key, auth_token, or credentials to be set. Or for one of the `X-Api-Key` or `Authorization` headers to be explicitly omitted"""
bp_24,50,CCUS,CCUS,2995,"...ture energy demand outlooks and, based on
   these outlooks, the environmental benefits resulting from the application of CCUS
   technologies in various end-use sectors?

2. What research and development, technology, and infrastructure barriers must be
overcome to ensure the economic deployment of CCUS at scale in various end-use
   sectors?

3. How should the success of CCUS at scale be defined?

4. What actions can be taken to establish a framework that guides public policy and
   stimulates private-sector investment to advance the development and deployment of
   CCUS technologies capable of a...",121,,,"error: ""Could not resolve authentication method. Expected one of api_key, auth_token, or credentials to be set. Or for one of the `X-Api-Key` or `Authorization` headers to be explicitly omitted"""
bp_24,50,CCUS,CCUS,3070,"...tal benefits resulting from the application of CCUS
   technologies in various end-use sectors?

2. What research and development, technology, and infrastructure barriers must be
overcome to ensure the economic deployment of CCUS at scale in various end-use
   sectors?

3. How should the success of CCUS at scale be defined?

4. What actions can be taken to establish a framework that guides public policy and
   stimulates private-sector investment to advance the development and deployment of
   CCUS technologies capable of achieving substantive gains in efficiency, economics, and
environmental perf...",122,,,"error: ""Could not resolve authentication method. Expected one of api_key, auth_token, or credentials to be set. Or for one of the `X-Api-Key` or `Authorization` headers to be explicitly omitted"""
bp_24,50,CCUS,CCUS,3269,"...he economic deployment of CCUS at scale in various end-use
   sectors?

3. How should the success of CCUS at scale be defined?

4. What actions can be taken to establish a framework that guides public policy and
   stimulates private-sector investment to advance the development and deployment of
   CCUS technologies capable of achieving substantive gains in efficiency, economics, and
environmental performance?

5. What regulatory, legal, liability, or other issues should be addressed to progress
   commercial CCUS investment and enable US industry to be the global technology leaders?

EXHIBIT 1: N...",123,,,"error: ""Could not resolve authentication method. Expected one of api_key, auth_token, or credentials to be set. Or for one of the `X-Api-Key` or `Authorization` headers to be explicitly omitted"""
bp_24,50,CCUS,CCUS,3484,"...stimulates private-sector investment to advance the development and deployment of
   CCUS technologies capable of achieving substantive gains in efficiency, economics, and
environmental performance?

5. What regulatory, legal, liability, or other issues should be addressed to progress
   commercial CCUS investment and enable US industry to be the global technology leaders?

EXHIBIT 1: NPC STUDY PROJECT CHARTER

Chair: John Mingé
Christi Craddick
Jack Fusco
Chair: Cindy Yielding
Assistant Chair: Nigel Jenvey
ExxonMobil Guy Powell
Jody Elliott
Steinar Elkass
Pierre Germain
Steering Committee
ExxonMo...",124,,,"error: ""Could not resolve authentication method. Expected one of api_key, auth_token, or credentials to be set. Or for one of the `X-Api-Key` or `Authorization` headers to be explicitly omitted"""
bp_24,50,CCUS,CCUS,4322,"...son Fargo
Jeff Shellebarger
Tim Winarc
J-F Poupeau
Roxann Walsh
Fiji George
Scott Anderson
Bob Peircepipe
Leslie Savage
Bill Elfelt
Task Group 1
Energy & Emissions Landscape
Chair: Jason Bordoff (Columbia Univ.)
Gov’t Cochair: Am Satsangi (DOE)
Integrative Economics
Lead: To be confirmed
Roadmap to CCUS Deployment
Lead: To be confirmed
Report Writing Committee
Lead: To be confirmed

Task Group 2
CCUS Technologies
Chair: Roxann Walsh (Southern Company)
Gov’t Cochair: John Litynski (DOE)

Task Group 3
Enabling Factors for Deployment
Chair: Susan Grant (ExxonMobil)
Gov’t Cochair: Sarah Forbes (DOE) S...",125,,,"error: ""Could not resolve authentication method. Expected one of api_key, auth_token, or credentials to be set. Or for one of the `X-Api-Key` or `Authorization` headers to be explicitly omitted"""
bp_24,50,CCUS,CCUS,4421,"...cepipe
Leslie Savage
Bill Elfelt
Task Group 1
Energy & Emissions Landscape
Chair: Jason Bordoff (Columbia Univ.)
Gov’t Cochair: Am Satsangi (DOE)
Integrative Economics
Lead: To be confirmed
Roadmap to CCUS Deployment
Lead: To be confirmed
Report Writing Committee
Lead: To be confirmed

Task Group 2
CCUS Technologies
Chair: Roxann Walsh (Southern Company)
Gov’t Cochair: John Litynski (DOE)

Task Group 3
Enabling Factors for Deployment
Chair: Susan Grant (ExxonMobil)
Gov’t Cochair: Sarah Forbes (DOE) Synthesis of initial findings from seven-week framing effort

DISCLAIMER: The following represents a...",126,,,"error: ""Could not resolve authentication method. Expected one of api_key, auth_token, or credentials to be set. Or for one of the `X-Api-Key` or `Authorization` headers to be explicitly omitted"""
bp_24,50,CCUS,CCUS,5132,"...terviews from a broad range of industries, 
academia, government, non-government organizations (NGOs) as well as multiple industry & 
government data sources. Information in red italics represents preliminary and/or unknown data 
needing further analysis from the NPC study team.

INITIAL FINDING 1: CCUS IS REQUIRED TO MEET THE DUAL CHALLENGE OF 
REDUCING EMISSIONS WHILE SATISFYING ENERGY DEMAND

The world faces a dual challenge: increasing energy production (expected to reach ~660 
quad. btu by 2030) to meet global economic growth, while simultaneously reducing carbon 
emissions (reaching ~36 Bill...",127,,,"error: ""Could not resolve authentication method. Expected one of api_key, auth_token, or credentials to be set. Or for one of the `X-Api-Key` or `Authorization` headers to be explicitly omitted"""
bp_24,50,CCUS,Carbon Capture,5593,"...(expected to reach ~660 
quad. btu by 2030) to meet global economic growth, while simultaneously reducing carbon 
emissions (reaching ~36 Billion tonnes per annum by 2030 out of which ~5.4 1 Billion tonnes per 
annum of is US emissions) to protect the environment.

Large-scale commercialization of Carbon Capture, Use & Storage (CCUS) is critical to 
address this dual challenge:
■ Globally, a range of decarbonization & energy transition scenarios and models suggest that 
   CCUS will need to play a role in abating 10-30% of emissions by 2050 2.
■ In the US, CCUS has the potential to reduce X-Y % of CO2 emis...",128,,,"error: ""Could not resolve authentication method. Expected one of api_key, auth_token, or credentials to be set. Or for one of the `X-Api-Key` or `Authorization` headers to be explicitly omitted"""
bp_24,50,CCUS,CCUS,5624,"...btu by 2030) to meet global economic growth, while simultaneously reducing carbon 
emissions (reaching ~36 Billion tonnes per annum by 2030 out of which ~5.4 1 Billion tonnes per 
annum of is US emissions) to protect the environment.

Large-scale commercialization of Carbon Capture, Use & Storage (CCUS) is critical to 
address this dual challenge:
■ Globally, a range of decarbonization & energy transition scenarios and models suggest that 
   CCUS will need to play a role in abating 10-30% of emissions by 2050 2.
■ In the US, CCUS has the potential to reduce X-Y % of CO2 emissions by 2030.
■ In t...",129,,,"error: ""Could not resolve authentication method. Expected one of api_key, auth_token, or credentials to be set. Or for one of the `X-Api-Key` or `Authorization` headers to be explicitly omitted"""
bp_24,50,CCUS,CCUS,5772,"...which ~5.4 1 Billion tonnes per 
annum of is US emissions) to protect the environment.

Large-scale commercialization of Carbon Capture, Use & Storage (CCUS) is critical to 
address this dual challenge:
■ Globally, a range of decarbonization & energy transition scenarios and models suggest that 
   CCUS will need to play a role in abating 10-30% of emissions by 2050 2.
■ In the US, CCUS has the potential to reduce X-Y % of CO2 emissions by 2030.
■ In the longer term, CCUS is required for achieving zero net carbon emissions through 
   application of carbon dioxide removal (CDR) techniques such as...",130,,,"error: ""Could not resolve authentication method. Expected one of api_key, auth_token, or credentials to be set. Or for one of the `X-Api-Key` or `Authorization` headers to be explicitly omitted"""
bp_24,50,CCUS,CCUS,5857,"....

Large-scale commercialization of Carbon Capture, Use & Storage (CCUS) is critical to 
address this dual challenge:
■ Globally, a range of decarbonization & energy transition scenarios and models suggest that 
   CCUS will need to play a role in abating 10-30% of emissions by 2050 2.
■ In the US, CCUS has the potential to reduce X-Y % of CO2 emissions by 2030.
■ In the longer term, CCUS is required for achieving zero net carbon emissions through 
   application of carbon dioxide removal (CDR) techniques such as Bio-Energy with CCS 
   (BECCS) and Direct Air Capture (DAC) or other emerging techno...",131,,,"error: ""Could not resolve authentication method. Expected one of api_key, auth_token, or credentials to be set. Or for one of the `X-Api-Key` or `Authorization` headers to be explicitly omitted"""
bp_24,50,CCUS,CCUS,5944,"...address this dual challenge:
■ Globally, a range of decarbonization & energy transition scenarios and models suggest that 
   CCUS will need to play a role in abating 10-30% of emissions by 2050 2.
■ In the US, CCUS has the potential to reduce X-Y % of CO2 emissions by 2030.
■ In the longer term, CCUS is required for achieving zero net carbon emissions through 
   application of carbon dioxide removal (CDR) techniques such as Bio-Energy with CCS 
   (BECCS) and Direct Air Capture (DAC) or other emerging technologies.

Integrating CCUS into US energy and environmental plans would deliver benefits...",132,,,"error: ""Could not resolve authentication method. Expected one of api_key, auth_token, or credentials to be set. Or for one of the `X-Api-Key` or `Authorization` headers to be explicitly omitted"""
bp_24,50,CCUS,carbon dioxide removal,6028,"...ition scenarios and models suggest that 
   CCUS will need to play a role in abating 10-30% of emissions by 2050 2.
■ In the US, CCUS has the potential to reduce X-Y % of CO2 emissions by 2030.
■ In the longer term, CCUS is required for achieving zero net carbon emissions through 
   application of carbon dioxide removal (CDR) techniques such as Bio-Energy with CCS 
   (BECCS) and Direct Air Capture (DAC) or other emerging technologies.

Integrating CCUS into US energy and environmental plans would deliver benefits such 
as:
■ Reduced US carbon emissions well beyond what substitution by other low carbon 
   alterna...",133,,,"error: ""Could not resolve authentication method. Expected one of api_key, auth_token, or credentials to be set. Or for one of the `X-Api-Key` or `Authorization` headers to be explicitly omitted"""
bp_24,50,CCUS,CDR,6052,"...ls suggest that 
   CCUS will need to play a role in abating 10-30% of emissions by 2050 2.
■ In the US, CCUS has the potential to reduce X-Y % of CO2 emissions by 2030.
■ In the longer term, CCUS is required for achieving zero net carbon emissions through 
   application of carbon dioxide removal (CDR) techniques such as Bio-Energy with CCS 
   (BECCS) and Direct Air Capture (DAC) or other emerging technologies.

Integrating CCUS into US energy and environmental plans would deliver benefits such 
as:
■ Reduced US carbon emissions well beyond what substitution by other low carbon 
   alternatives...",134,,,"error: ""Could not resolve authentication method. Expected one of api_key, auth_token, or credentials to be set. Or for one of the `X-Api-Key` or `Authorization` headers to be explicitly omitted"""
bp_24,50,CCUS,CCS,6092,"...ay a role in abating 10-30% of emissions by 2050 2.
■ In the US, CCUS has the potential to reduce X-Y % of CO2 emissions by 2030.
■ In the longer term, CCUS is required for achieving zero net carbon emissions through 
   application of carbon dioxide removal (CDR) techniques such as Bio-Energy with CCS 
   (BECCS) and Direct Air Capture (DAC) or other emerging technologies.

Integrating CCUS into US energy and environmental plans would deliver benefits such 
as:
■ Reduced US carbon emissions well beyond what substitution by other low carbon 
   alternatives alone can achieve.
■ Increased usage of...",135,,,"error: ""Could not resolve authentication method. Expected one of api_key, auth_token, or credentials to be set. Or for one of the `X-Api-Key` or `Authorization` headers to be explicitly omitted"""
bp_24,50,CCUS,Direct Air Capture,6112,"...10-30% of emissions by 2050 2.
■ In the US, CCUS has the potential to reduce X-Y % of CO2 emissions by 2030.
■ In the longer term, CCUS is required for achieving zero net carbon emissions through 
   application of carbon dioxide removal (CDR) techniques such as Bio-Energy with CCS 
   (BECCS) and Direct Air Capture (DAC) or other emerging technologies.

Integrating CCUS into US energy and environmental plans would deliver benefits such 
as:
■ Reduced US carbon emissions well beyond what substitution by other low carbon 
   alternatives alone can achieve.
■ Increased usage of existing US fossil fuel resources,...",136,,,"error: ""Could not resolve authentication method. Expected one of api_key, auth_token, or credentials to be set. Or for one of the `X-Api-Key` or `Authorization` headers to be explicitly omitted"""
bp_24,50,CCUS,DAC,6132,"...by 2050 2.
■ In the US, CCUS has the potential to reduce X-Y % of CO2 emissions by 2030.
■ In the longer term, CCUS is required for achieving zero net carbon emissions through 
   application of carbon dioxide removal (CDR) techniques such as Bio-Energy with CCS 
   (BECCS) and Direct Air Capture (DAC) or other emerging technologies.

Integrating CCUS into US energy and environmental plans would deliver benefits such 
as:
■ Reduced US carbon emissions well beyond what substitution by other low carbon 
   alternatives alone can achieve.
■ Increased usage of existing US fossil fuel resources, prot...",137,,,"error: ""Could not resolve authentication method. Expected one of api_key, auth_token, or credentials to be set. Or for one of the `X-Api-Key` or `Authorization` headers to be explicitly omitted"""
bp_24,50,CCUS,CCUS,6182,"...reduce X-Y % of CO2 emissions by 2030.
■ In the longer term, CCUS is required for achieving zero net carbon emissions through 
   application of carbon dioxide removal (CDR) techniques such as Bio-Energy with CCS 
   (BECCS) and Direct Air Capture (DAC) or other emerging technologies.

Integrating CCUS into US energy and environmental plans would deliver benefits such 
as:
■ Reduced US carbon emissions well beyond what substitution by other low carbon 
   alternatives alone can achieve.
■ Increased usage of existing US fossil fuel resources, protecting state and federal revenue 
   sources and su...",138,,,"error: ""Could not resolve authentication method. Expected one of api_key, auth_token, or credentials to be set. Or for one of the `X-Api-Key` or `Authorization` headers to be explicitly omitted"""
bp_24,50,CCUS,CCUS,6541,"...enefits such 
as:
■ Reduced US carbon emissions well beyond what substitution by other low carbon 
   alternatives alone can achieve.
■ Increased usage of existing US fossil fuel resources, protecting state and federal revenue 
   sources and supporting the license to operate.
■ Position the US for CCUS technology leadership and associated business opportunities.
■ Potentially accelerated economic growth, job creation and exports, and enabling continued 
   usage of existing infrastructure over the long-term.

  1 US EIA, Annual Energy Outlook 2018 report specifies 5.2 Billion tonnes per annum of...",139,,,"error: ""Could not resolve authentication method. Expected one of api_key, auth_token, or credentials to be set. Or for one of the `X-Api-Key` or `Authorization` headers to be explicitly omitted"""
bp_24,50,CCUS,CCUS,7165,"...n 
     dioxide emissions for the US in 2030; projections of process emissions from large industrial point sources in 2030 
     are about ~0.2 Billion tonnes per annum (derived from emissions specified by EPA)
  2 Loftus P. J., et al. WIRES 2015, 6:93–112. doi: 10.1002/wcc.324

 INITIAL FINDING 2: CCUS HAS A STRONG FOUNDATION IN THE US BUT DEPLOYMENT REMAINS RELATIVELY LIMITED DUE TO HIGH COSTS, INADEQUATE INFRASTRUCTURE, INSUFFICIENT INCENTIVES, AND REGULATORY UNCERTAINTY

CCUS has a strong foundation in the US, however, CCUS deployment remains quite limited with <1% of US emissions currently ab...",140,,,"error: ""Could not resolve authentication method. Expected one of api_key, auth_token, or credentials to be set. Or for one of the `X-Api-Key` or `Authorization` headers to be explicitly omitted"""
bp_24,50,CCUS,CCUS,7345,"...om emissions specified by EPA)
  2 Loftus P. J., et al. WIRES 2015, 6:93–112. doi: 10.1002/wcc.324

 INITIAL FINDING 2: CCUS HAS A STRONG FOUNDATION IN THE US BUT DEPLOYMENT REMAINS RELATIVELY LIMITED DUE TO HIGH COSTS, INADEQUATE INFRASTRUCTURE, INSUFFICIENT INCENTIVES, AND REGULATORY UNCERTAINTY

CCUS has a strong foundation in the US, however, CCUS deployment remains quite limited with <1% of US emissions currently abated by CCUS projects. Today, 16 projects (mostly Enhanced Oil Recovery, EOR) abate ~28 Million tonnes per annum of CO2. These projects are economic because of high-purity / low-ca...",141,,,"error: ""Could not resolve authentication method. Expected one of api_key, auth_token, or credentials to be set. Or for one of the `X-Api-Key` or `Authorization` headers to be explicitly omitted"""
bp_24,50,CCUS,CCUS,7394,"...et al. WIRES 2015, 6:93–112. doi: 10.1002/wcc.324

 INITIAL FINDING 2: CCUS HAS A STRONG FOUNDATION IN THE US BUT DEPLOYMENT REMAINS RELATIVELY LIMITED DUE TO HIGH COSTS, INADEQUATE INFRASTRUCTURE, INSUFFICIENT INCENTIVES, AND REGULATORY UNCERTAINTY

CCUS has a strong foundation in the US, however, CCUS deployment remains quite limited with <1% of US emissions currently abated by CCUS projects. Today, 16 projects (mostly Enhanced Oil Recovery, EOR) abate ~28 Million tonnes per annum of CO2. These projects are economic because of high-purity / low-capture-cost CO2 streams (13 of 16), short transpor...",142,,,"error: ""Could not resolve authentication method. Expected one of api_key, auth_token, or credentials to be set. Or for one of the `X-Api-Key` or `Authorization` headers to be explicitly omitted"""
bp_24,50,CCUS,CCUS,7477,"...TRONG FOUNDATION IN THE US BUT DEPLOYMENT REMAINS RELATIVELY LIMITED DUE TO HIGH COSTS, INADEQUATE INFRASTRUCTURE, INSUFFICIENT INCENTIVES, AND REGULATORY UNCERTAINTY

CCUS has a strong foundation in the US, however, CCUS deployment remains quite limited with <1% of US emissions currently abated by CCUS projects. Today, 16 projects (mostly Enhanced Oil Recovery, EOR) abate ~28 Million tonnes per annum of CO2. These projects are economic because of high-purity / low-capture-cost CO2 streams (13 of 16), short transportation distances between CO2 sources and sinks (all <150 miles), and/or a value-cre...",143,,,"error: ""Could not resolve authentication method. Expected one of api_key, auth_token, or credentials to be set. Or for one of the `X-Api-Key` or `Authorization` headers to be explicitly omitted"""
bp_24,50,CCUS,CCUS,7871,"...per annum of CO2. These projects are economic because of high-purity / low-capture-cost CO2 streams (13 of 16), short transportation distances between CO2 sources and sinks (all <150 miles), and/or a value-creating mechanism (15 of 16 rely on CO2-EOR to produce oil).

CO2 sources needed to support CCUS end-use applications including EOR can be categorized into 3 major point-source sectors representing 47% of current US emissions:

■ “High-purity-CO2-sector” (4% of 2017 US CO2 emissions): Almost all CCUS in service today is linked to high purity CO2 from natural gas processing (13 of 16): ammonia,...",144,,,"error: ""Could not resolve authentication method. Expected one of api_key, auth_token, or credentials to be set. Or for one of the `X-Api-Key` or `Authorization` headers to be explicitly omitted"""
bp_24,50,CCUS,CCUS,8076,"...e-creating mechanism (15 of 16 rely on CO2-EOR to produce oil).

CO2 sources needed to support CCUS end-use applications including EOR can be categorized into 3 major point-source sectors representing 47% of current US emissions:

■ “High-purity-CO2-sector” (4% of 2017 US CO2 emissions): Almost all CCUS in service today is linked to high purity CO2 from natural gas processing (13 of 16): ammonia, ethanol, hydrogen, and pulp & paper production plants emit high-purity CO2 streams that can be readily captured, compressed & transported.

■ Power sector coal & natural gas plants (32% of 2017 US CO2 emi...",145,,,"error: ""Could not resolve authentication method. Expected one of api_key, auth_token, or credentials to be set. Or for one of the `X-Api-Key` or `Authorization` headers to be explicitly omitted"""
bp_24,50,CCUS,CCUS,9017,"...al point sources (11% of 2017 US CO2 emissions): Iron & steel, cement, refining, and petrochemicals are process-intensive industries with high heat-intensity requirements that will likely remain dependent on fossil fuels. These are the hardest to abate CO2 sources and have few substitutes.

Limited CCUS deployment in the US to date is a result of 6 primary hurdles:

■ Few at-scale, economically-viable, business cases for anthropogenic CO2 use in CO2-EOR: CO2-EOR is currently the only at-scale use-case for CO2 (>85% of US CO2 consumption3), however it is still minimal as compared to the total US CO...",146,,,"error: ""Could not resolve authentication method. Expected one of api_key, auth_token, or credentials to be set. Or for one of the `X-Api-Key` or `Authorization` headers to be explicitly omitted"""
bp_24,50,CCUS,CCS,9811,"...l price and strong CO2 incentives to compete with other development types and production methods.

■ CO2 storage in saline aquifers remains largely undeveloped: Subsurface geologic storage is currently not developed to its potential. There exists only 1 at-scale storage project (Illinois Industrial CCS Project), storing 1 Million tonnes per annum of CO2 relative to US CO2 storage potential (low estimate of ~2600 Billion tonnes). These include depleted oil & gas fields (7% of total), unmineable coal (2% of total), & saline formations (91% of total), equivalent to >400 years of storage for all US e...",147,,,"error: ""Could not resolve authentication method. Expected one of api_key, auth_token, or credentials to be set. Or for one of the `X-Api-Key` or `Authorization` headers to be explicitly omitted"""
bp_24,50,CCUS,Carbon capture,10399,"...ge for all US emissions combined.5 CO₂ storage is well proven, but requires advancement across topics like site characterization, monitoring, long term liability, pore space ownership, and site permitting before they can be implemented at scale.

■ High cost-of-capture for major combustion sources: Carbon capture remains an engineering & capital efficiency challenge. CO₂ capture costs typically average >$70-120/tCO₂ in the power sector, accounting for >80% of integrated CCUS project costs. Moreover, current CCUS capture equipment is physically large (requiring contactor towers, piping, boilers, etc.) and is...",148,,,"error: ""Could not resolve authentication method. Expected one of api_key, auth_token, or credentials to be set. Or for one of the `X-Api-Key` or `Authorization` headers to be explicitly omitted"""
bp_24,50,CCUS,CCUS,10574,"...wnership, and site permitting before they can be implemented at scale.

■ High cost-of-capture for major combustion sources: Carbon capture remains an engineering & capital efficiency challenge. CO₂ capture costs typically average >$70-120/tCO₂ in the power sector, accounting for >80% of integrated CCUS project costs. Moreover, current CCUS capture equipment is physically large (requiring contactor towers, piping, boilers, etc.) and is custom engineered for each project, making deployment at scale a challenge. Research & Development (R&D) funding from industry and government in addressing carbon c...",149,,,"error: ""Could not resolve authentication method. Expected one of api_key, auth_token, or credentials to be set. Or for one of the `X-Api-Key` or `Authorization` headers to be explicitly omitted"""
bp_24,50,CCUS,CCUS,10612,"...hey can be implemented at scale.

■ High cost-of-capture for major combustion sources: Carbon capture remains an engineering & capital efficiency challenge. CO₂ capture costs typically average >$70-120/tCO₂ in the power sector, accounting for >80% of integrated CCUS project costs. Moreover, current CCUS capture equipment is physically large (requiring contactor towers, piping, boilers, etc.) and is custom engineered for each project, making deployment at scale a challenge. Research & Development (R&D) funding from industry and government in addressing carbon capture has been two orders-of-magnitud...",150,,,"error: ""Could not resolve authentication method. Expected one of api_key, auth_token, or credentials to be set. Or for one of the `X-Api-Key` or `Authorization` headers to be explicitly omitted"""
bp_24,50,CCUS,carbon capture,10870,"...ted CCUS project costs. Moreover, current CCUS capture equipment is physically large (requiring contactor towers, piping, boilers, etc.) and is custom engineered for each project, making deployment at scale a challenge. Research & Development (R&D) funding from industry and government in addressing carbon capture has been two orders-of-magnitude less than carbon substitution technologies like renewables, which typically have a shorter payback period and benefit from being less capital intensive and more modular.

■ Limited CO₂ transportation infrastructure: CO₂ sources are seldom close to use / storage sink...",151,,,"error: ""Could not resolve authentication method. Expected one of api_key, auth_token, or credentials to be set. Or for one of the `X-Api-Key` or `Authorization` headers to be explicitly omitted"""
bp_24,50,CCUS,CCUS,11196,"...o orders-of-magnitude less than carbon substitution technologies like renewables, which typically have a shorter payback period and benefit from being less capital intensive and more modular.

■ Limited CO₂ transportation infrastructure: CO₂ sources are seldom close to use / storage sinks. Existing CCUS pipeline infrastructure has been largely point-to-point & project-dedicated as building a large integrated network of CO₂ pipelines has not been a priority for either government or industry.

■ Few proven low-cost end-use applications: Some volumetrically/regionally niche products exist, but no maj...",152,,,"error: ""Could not resolve authentication method. Expected one of api_key, auth_token, or credentials to be set. Or for one of the `X-Api-Key` or `Authorization` headers to be explicitly omitted"""
bp_24,50,CCUS,CCUS,11846,".... End-use CO₂ applications for fuels, chemicals, and durable materials are possible, but R&D funding from industry and government has been limited and few pilots for these applications exist to date. While some incentives for decarbonized products exist, cost increases in goods and materials due to CCUS can be significant.

■ Lack of sponsorship and advocacy: Underlying all these trends, CCUS has lacked influential energy industry sponsors, environmental group tolerance/support, and consumer pull for low-carbon products, including power / electricity sourced from low-carbon generation. As a result...",153,,,"error: ""Could not resolve authentication method. Expected one of api_key, auth_token, or credentials to be set. Or for one of the `X-Api-Key` or `Authorization` headers to be explicitly omitted"""
bp_24,50,CCUS,CCUS,11937,"...D funding from industry and government has been limited and few pilots for these applications exist to date. While some incentives for decarbonized products exist, cost increases in goods and materials due to CCUS can be significant.

■ Lack of sponsorship and advocacy: Underlying all these trends, CCUS has lacked influential energy industry sponsors, environmental group tolerance/support, and consumer pull for low-carbon products, including power / electricity sourced from low-carbon generation. As a result, policy support and public support for CCUS has been de-minimis relative to renewables, en...",154,,,"error: ""Could not resolve authentication method. Expected one of api_key, auth_token, or credentials to be set. Or for one of the `X-Api-Key` or `Authorization` headers to be explicitly omitted"""
bp_24,50,CCUS,CCUS,12190,"...hip and advocacy: Underlying all these trends, CCUS has lacked influential energy industry sponsors, environmental group tolerance/support, and consumer pull for low-carbon products, including power / electricity sourced from low-carbon generation. As a result, policy support and public support for CCUS has been de-minimis relative to renewables, energy efficiency, and traditional fossil fuel sources. DRAFT MATERIALS

INITIAL FINDING 3: INTEGRATING CCUS AT SCALE INTO THE MARKET 
DEPENDS ON BROAD-BASED INNOVATION & CONTINUED INVESTMENT, 
ENABLED BY POLICY, LEGISLATION, REGULATORY, AND LEGAL 
IMPROV...",155,,,"error: ""Could not resolve authentication method. Expected one of api_key, auth_token, or credentials to be set. Or for one of the `X-Api-Key` or `Authorization` headers to be explicitly omitted"""
bp_24,50,CCUS,CCUS,12343,"...pull for low-carbon products, including power / electricity sourced from low-carbon generation. As a result, policy support and public support for CCUS has been de-minimis relative to renewables, energy efficiency, and traditional fossil fuel sources. DRAFT MATERIALS

INITIAL FINDING 3: INTEGRATING CCUS AT SCALE INTO THE MARKET 
DEPENDS ON BROAD-BASED INNOVATION & CONTINUED INVESTMENT, 
ENABLED BY POLICY, LEGISLATION, REGULATORY, AND LEGAL 
IMPROVEMENTS TO OVERCOME CURRENT CHALLENGES

Deploying CCUS at scale requires broad-based public-private commitments across 
multiple pathways: 

■ Significant...",156,,,"error: ""Could not resolve authentication method. Expected one of api_key, auth_token, or credentials to be set. Or for one of the `X-Api-Key` or `Authorization` headers to be explicitly omitted"""
bp_24,50,CCUS,CCUS,12543,"...gy efficiency, and traditional fossil fuel sources. DRAFT MATERIALS

INITIAL FINDING 3: INTEGRATING CCUS AT SCALE INTO THE MARKET 
DEPENDS ON BROAD-BASED INNOVATION & CONTINUED INVESTMENT, 
ENABLED BY POLICY, LEGISLATION, REGULATORY, AND LEGAL 
IMPROVEMENTS TO OVERCOME CURRENT CHALLENGES

Deploying CCUS at scale requires broad-based public-private commitments across 
multiple pathways: 

■ Significant (~10x) expansion of CO₂-EOR requires additional incentives:

– While CO₂-EOR is already an important component of today’s oil production, it has 
potential to expand; an analysis commissioned by the...",157,,,"error: ""Could not resolve authentication method. Expected one of api_key, auth_token, or credentials to be set. Or for one of the `X-Api-Key` or `Authorization` headers to be explicitly omitted"""
bp_24,50,CCUS,Carbon Storage,14028,"...CO₂ disposal or use.

■ Developing large-scale secure geologic CO₂ storage hubs requires significant 
government and industry support:

– Developing geologic storage hubs is a possibility in the US given the capacity of potential 
storage sites. The DOE National Energy Technology Laboratory (NETL) Carbon Storage 
Atlas (Atlas V) provides low estimates of storage resources of ~2600 Billion tonnes of CO₂ 
and the technology is well understood (e.g. Sleipner Project in Norway) but has seen 
limited commercial success in the US.

– Economically-viable long-term secure geologic CO₂ storage requires policy innov...",158,,,"error: ""Could not resolve authentication method. Expected one of api_key, auth_token, or credentials to be set. Or for one of the `X-Api-Key` or `Authorization` headers to be explicitly omitted"""
bp_24,50,CCUS,carbon capture,14880,"...rm liabilities, and site 
permitting.

■ Increasing capture from power and industrial point sources, along with carbon 
dioxide removal applications, requires incentives for R&D innovation and capital 
formation to reduce costs:

– Commitment to R&D and expansion of academic & industry research for carbon capture 
across multiple technology pathways (e.g. pre-/post-/oxy-combustion, direct air capture) is 
required to reduce unit costs, create competition, and help accelerate innovation. The 
costs of these capture technologies for large scale applications tend to be >$70-120/tCO₂ but if adequately funded, a...",159,,,"error: ""Could not resolve authentication method. Expected one of api_key, auth_token, or credentials to be set. Or for one of the `X-Api-Key` or `Authorization` headers to be explicitly omitted"""
bp_24,50,CCUS,direct air capture,14965,"...point sources, along with carbon 
dioxide removal applications, requires incentives for R&D innovation and capital 
formation to reduce costs:

– Commitment to R&D and expansion of academic & industry research for carbon capture 
across multiple technology pathways (e.g. pre-/post-/oxy-combustion, direct air capture) is 
required to reduce unit costs, create competition, and help accelerate innovation. The 
costs of these capture technologies for large scale applications tend to be >$70-120/tCO₂ but if adequately funded, aggressive competition among these capture technology
pathways could accelerate innovation...",160,,,"error: ""Could not resolve authentication method. Expected one of api_key, auth_token, or credentials to be set. Or for one of the `X-Api-Key` or `Authorization` headers to be explicitly omitted"""
bp_24,50,CCUS,CCUS,16094,"...owing adequate transitional incentives (e.g. 45Q), establish and support an economy-
wide carbon price approach that could potentially further enable technology cost reduction
and broad-based deployment.

■ Developing pipeline infrastructure requires federal, state, and industry support:

- Current CCUS project connections have tended to be point-to-point and limited to short
distances (<150 miles). Creating state level support for expanding these short-distance
intra-state networks could be a significant near-term win.

- Several inter-state pipeline concepts connecting major point-source emissio...",161,,,"error: ""Could not resolve authentication method. Expected one of api_key, auth_token, or credentials to be set. Or for one of the `X-Api-Key` or `Authorization` headers to be explicitly omitted"""
bp_24,50,CCUS,CCUS,17369,"...ine permitting processes for these
trunk lines.

■ Scaling CO2 applications beyond CO2-EOR into other end-use opportunities requires
additional R&D funding to drive innovation, along with customer and regulatory
support for low carbon solutions:

- R&D commitment for CO2 end-uses is needed to scale CCUS beyond CO2-EOR,
particularly to expand usage in chemicals, fuels, durable materials (plastics, cements,
carbon fiber, etc.) which can all be made from CO2 plus energy9. Regulators and end-use
customers have not put a premium on CO2-derived products and have limited willingness
to pay for the CO2 ab...",162,,,"error: ""Could not resolve authentication method. Expected one of api_key, auth_token, or credentials to be set. Or for one of the `X-Api-Key` or `Authorization` headers to be explicitly omitted"""
bp_24,50,CCUS,CCUS,17947,"...ness
to pay for the CO2 abatement benefit. Developing large-scale or high-value end-use
technologies could expand abatement dramatically, supporting the ongoing use of
existing infrastructure, and positioning the US as a leader in end-use innovation.

6 DOE and KSA, Report of the Mission Innovation CCUS Experts' Workshop, 2017
7 Edwards, R. W. J. and M. A. Celia, Infrastructure to enable deployment of carbon capture, utilization, and storage
in the United States, PNAS, 2018
8 Great Plains Institute, 21st Century Energy Infrastructure: Policy Recommendations for Development of American
CO2 Pipeline...",163,,,"error: ""Could not resolve authentication method. Expected one of api_key, auth_token, or credentials to be set. Or for one of the `X-Api-Key` or `Authorization` headers to be explicitly omitted"""
bp_24,50,CCUS,"carbon capture, utilization, and storage",18052,"...d expand abatement dramatically, supporting the ongoing use of
existing infrastructure, and positioning the US as a leader in end-use innovation.

6 DOE and KSA, Report of the Mission Innovation CCUS Experts' Workshop, 2017
7 Edwards, R. W. J. and M. A. Celia, Infrastructure to enable deployment of carbon capture, utilization, and storage
in the United States, PNAS, 2018
8 Great Plains Institute, 21st Century Energy Infrastructure: Policy Recommendations for Development of American
CO2 Pipeline Networks, 2017
9 NETL, Global CCS Institute CO2 reuse technologies



 — End-use applications of CO₂ must be promoted via government & indus...",164,,,"error: ""Could not resolve authentication method. Expected one of api_key, auth_token, or credentials to be set. Or for one of the `X-Api-Key` or `Authorization` headers to be explicitly omitted"""
bp_24,50,CCUS,CCS,18282,"...rds, R. W. J. and M. A. Celia, Infrastructure to enable deployment of carbon capture, utilization, and storage
in the United States, PNAS, 2018
8 Great Plains Institute, 21st Century Energy Infrastructure: Policy Recommendations for Development of American
CO2 Pipeline Networks, 2017
9 NETL, Global CCS Institute CO2 reuse technologies



 — End-use applications of CO₂ must be promoted via government & industry-led 
procurement, emphasizing the use of de-carbonized end-products to enable scalable 
market demand for CO₂ outside of CO₂-EOR. For example, state level regulations 
requiring or creditin...",165,,,"error: ""Could not resolve authentication method. Expected one of api_key, auth_token, or credentials to be set. Or for one of the `X-Api-Key` or `Authorization` headers to be explicitly omitted"""
bp_24,50,CCUS,CCUS,18643,"...ns of CO₂ must be promoted via government & industry-led 
procurement, emphasizing the use of de-carbonized end-products to enable scalable 
market demand for CO₂ outside of CO₂-EOR. For example, state level regulations 
requiring or crediting some proportion of low carbon products could accelerate CCUS 
deployment, much like renewable portfolio standards have supported renewable 
technology deployment nationally.

■ Building support for comprehensive commitment to CCUS requires broad stakeholder 
  engagement across academia, NGOs, industry, federal & state government, and 
  financial sectors. T...",166,,,"error: ""Could not resolve authentication method. Expected one of api_key, auth_token, or credentials to be set. Or for one of the `X-Api-Key` or `Authorization` headers to be explicitly omitted"""
bp_24,50,CCUS,CCUS,18813,"...of CO₂-EOR. For example, state level regulations 
requiring or crediting some proportion of low carbon products could accelerate CCUS 
deployment, much like renewable portfolio standards have supported renewable 
technology deployment nationally.

■ Building support for comprehensive commitment to CCUS requires broad stakeholder 
  engagement across academia, NGOs, industry, federal & state government, and 
  financial sectors. This could be achieved by:

  — Simplifying the narrative around CCUS as an important low-carbon technology along with 
  renewables and other low-carbon energy sources ne...",167,,,"error: ""Could not resolve authentication method. Expected one of api_key, auth_token, or credentials to be set. Or for one of the `X-Api-Key` or `Authorization` headers to be explicitly omitted"""
bp_24,50,CCUS,CCUS,19011,"...rted renewable 
technology deployment nationally.

■ Building support for comprehensive commitment to CCUS requires broad stakeholder 
  engagement across academia, NGOs, industry, federal & state government, and 
  financial sectors. This could be achieved by:

  — Simplifying the narrative around CCUS as an important low-carbon technology along with 
  renewables and other low-carbon energy sources needed for the energy transition. CCUS 
  remains an orphan with some environmental organizations that prefer substitution 
  strategies like renewables over abatement strategies. Similarly, some in t...",168,,,"error: ""Could not resolve authentication method. Expected one of api_key, auth_token, or credentials to be set. Or for one of the `X-Api-Key` or `Authorization` headers to be explicitly omitted"""
bp_24,50,CCUS,CCUS,19149,"...ngagement across academia, NGOs, industry, federal & state government, and 
  financial sectors. This could be achieved by:

  — Simplifying the narrative around CCUS as an important low-carbon technology along with 
  renewables and other low-carbon energy sources needed for the energy transition. CCUS 
  remains an orphan with some environmental organizations that prefer substitution 
  strategies like renewables over abatement strategies. Similarly, some in the industry have 
  concerns that a major CCUS program would invite further regulation. Both groups need 
  CCUS to be successful long ter...",169,,,"error: ""Could not resolve authentication method. Expected one of api_key, auth_token, or credentials to be set. Or for one of the `X-Api-Key` or `Authorization` headers to be explicitly omitted"""
bp_24,50,CCUS,CCUS,19357,"...ng with 
  renewables and other low-carbon energy sources needed for the energy transition. CCUS 
  remains an orphan with some environmental organizations that prefer substitution 
  strategies like renewables over abatement strategies. Similarly, some in the industry have 
  concerns that a major CCUS program would invite further regulation. Both groups need 
  CCUS to be successful long term and there is high value in bridging the divide.

  — Educating financial institutions on the importance of CCUS to enable capital formation 
  over the longer-term. These institutions need to better underst...",170,,,"error: ""Could not resolve authentication method. Expected one of api_key, auth_token, or credentials to be set. Or for one of the `X-Api-Key` or `Authorization` headers to be explicitly omitted"""
bp_24,50,CCUS,CCUS,19423,"...or the energy transition. CCUS 
  remains an orphan with some environmental organizations that prefer substitution 
  strategies like renewables over abatement strategies. Similarly, some in the industry have 
  concerns that a major CCUS program would invite further regulation. Both groups need 
  CCUS to be successful long term and there is high value in bridging the divide.

  — Educating financial institutions on the importance of CCUS to enable capital formation 
  over the longer-term. These institutions need to better understand and underwrite CCUS 
  projects going forward. CCUS projects r...",171,,,"error: ""Could not resolve authentication method. Expected one of api_key, auth_token, or credentials to be set. Or for one of the `X-Api-Key` or `Authorization` headers to be explicitly omitted"""
bp_24,50,CCUS,CCUS,19562,"...ables over abatement strategies. Similarly, some in the industry have 
  concerns that a major CCUS program would invite further regulation. Both groups need 
  CCUS to be successful long term and there is high value in bridging the divide.

  — Educating financial institutions on the importance of CCUS to enable capital formation 
  over the longer-term. These institutions need to better understand and underwrite CCUS 
  projects going forward. CCUS projects require systems-thinking across emitters, 
  transporters, and users, each often having different risk profiles, return expectations, and...",172,,,"error: ""Could not resolve authentication method. Expected one of api_key, auth_token, or credentials to be set. Or for one of the `X-Api-Key` or `Authorization` headers to be explicitly omitted"""
bp_24,50,CCUS,CCUS,19680,"...te further regulation. Both groups need 
  CCUS to be successful long term and there is high value in bridging the divide.

  — Educating financial institutions on the importance of CCUS to enable capital formation 
  over the longer-term. These institutions need to better understand and underwrite CCUS 
  projects going forward. CCUS projects require systems-thinking across emitters, 
  transporters, and users, each often having different risk profiles, return expectations, and 
  contracting strategies & structures.

  — Educating consumers on the merits of CCUS to enable consumer pull for low c...",173,,,"error: ""Could not resolve authentication method. Expected one of api_key, auth_token, or credentials to be set. Or for one of the `X-Api-Key` or `Authorization` headers to be explicitly omitted"""
bp_24,50,CCUS,CCUS,19712,"...ps need 
  CCUS to be successful long term and there is high value in bridging the divide.

  — Educating financial institutions on the importance of CCUS to enable capital formation 
  over the longer-term. These institutions need to better understand and underwrite CCUS 
  projects going forward. CCUS projects require systems-thinking across emitters, 
  transporters, and users, each often having different risk profiles, return expectations, and 
  contracting strategies & structures.

  — Educating consumers on the merits of CCUS to enable consumer pull for low carbon 
  products, including ene...",174,,,"error: ""Could not resolve authentication method. Expected one of api_key, auth_token, or credentials to be set. Or for one of the `X-Api-Key` or `Authorization` headers to be explicitly omitted"""
bp_24,50,CCUS,CCUS,19946,"...better understand and underwrite CCUS 
  projects going forward. CCUS projects require systems-thinking across emitters, 
  transporters, and users, each often having different risk profiles, return expectations, and 
  contracting strategies & structures.

  — Educating consumers on the merits of CCUS to enable consumer pull for low carbon 
  products, including energy / electricity which need not be limited to renewables. There 
  remains a lot of work ahead to simplify the narrative and rebrand CCUS technologies.

  — Helping state regulators integrate CCUS into state-level carbon abatement pr...",175,,,"error: ""Could not resolve authentication method. Expected one of api_key, auth_token, or credentials to be set. Or for one of the `X-Api-Key` or `Authorization` headers to be explicitly omitted"""
bp_24,50,CCUS,CCUS,20150,"...ctations, and 
  contracting strategies & structures.

  — Educating consumers on the merits of CCUS to enable consumer pull for low carbon 
  products, including energy / electricity which need not be limited to renewables. There 
  remains a lot of work ahead to simplify the narrative and rebrand CCUS technologies.

  — Helping state regulators integrate CCUS into state-level carbon abatement programs. 
  Defining appropriate portfolio standards for CCUS fuels, for example, could expand 
  CCUS penetration, support long term infrastructure utilization and investment, and 
  support long term sta...",176,,,"error: ""Could not resolve authentication method. Expected one of api_key, auth_token, or credentials to be set. Or for one of the `X-Api-Key` or `Authorization` headers to be explicitly omitted"""
bp_24,50,CCUS,CCUS,20209,"...Educating consumers on the merits of CCUS to enable consumer pull for low carbon 
  products, including energy / electricity which need not be limited to renewables. There 
  remains a lot of work ahead to simplify the narrative and rebrand CCUS technologies.

  — Helping state regulators integrate CCUS into state-level carbon abatement programs. 
  Defining appropriate portfolio standards for CCUS fuels, for example, could expand 
  CCUS penetration, support long term infrastructure utilization and investment, and 
  support long term state and local royalty and severance revenue streams.

■ In c...",177,,,"error: ""Could not resolve authentication method. Expected one of api_key, auth_token, or credentials to be set. Or for one of the `X-Api-Key` or `Authorization` headers to be explicitly omitted"""
bp_24,50,CCUS,CCUS,20306,"...luding energy / electricity which need not be limited to renewables. There 
  remains a lot of work ahead to simplify the narrative and rebrand CCUS technologies.

  — Helping state regulators integrate CCUS into state-level carbon abatement programs. 
  Defining appropriate portfolio standards for CCUS fuels, for example, could expand 
  CCUS penetration, support long term infrastructure utilization and investment, and 
  support long term state and local royalty and severance revenue streams.

■ In conclusion, CCUS innovations would benefit from a number of supporting enablers 
  to make install...",178,,,"error: ""Could not resolve authentication method. Expected one of api_key, auth_token, or credentials to be set. Or for one of the `X-Api-Key` or `Authorization` headers to be explicitly omitted"""
bp_24,50,CCUS,CCUS,20347,"...t be limited to renewables. There 
  remains a lot of work ahead to simplify the narrative and rebrand CCUS technologies.

  — Helping state regulators integrate CCUS into state-level carbon abatement programs. 
  Defining appropriate portfolio standards for CCUS fuels, for example, could expand 
  CCUS penetration, support long term infrastructure utilization and investment, and 
  support long term state and local royalty and severance revenue streams.

■ In conclusion, CCUS innovations would benefit from a number of supporting enablers 
  to make installing capture equipment a preferred pathway...",179,,,"error: ""Could not resolve authentication method. Expected one of api_key, auth_token, or credentials to be set. Or for one of the `X-Api-Key` or `Authorization` headers to be explicitly omitted"""
bp_24,50,CCUS,CCUS,20524,"...-level carbon abatement programs. 
  Defining appropriate portfolio standards for CCUS fuels, for example, could expand 
  CCUS penetration, support long term infrastructure utilization and investment, and 
  support long term state and local royalty and severance revenue streams.

■ In conclusion, CCUS innovations would benefit from a number of supporting enablers 
  to make installing capture equipment a preferred pathway. Simple price setting 
  mechanisms in many arenas have shown a strong ability to drive efficient capital 
  formation into markets like CCUS. INITIAL FINDING 4: SCALING CCUS R...",180,,,"error: ""Could not resolve authentication method. Expected one of api_key, auth_token, or credentials to be set. Or for one of the `X-Api-Key` or `Authorization` headers to be explicitly omitted"""
bp_24,50,CCUS,CCUS,20789,"...revenue streams.

■ In conclusion, CCUS innovations would benefit from a number of supporting enablers 
  to make installing capture equipment a preferred pathway. Simple price setting 
  mechanisms in many arenas have shown a strong ability to drive efficient capital 
  formation into markets like CCUS. INITIAL FINDING 4: SCALING CCUS REQUIRES A PHASED APPROACH,
DEVELOPING QUICK WINS WITH CAPTURE FROM HIGH-PURITY-CO₂ SOURCES
WHILE ADVANCING TECHNOLOGIES TO SUPPORT LONGER-TERM AT-SCALE
DEPLOYMENT

Developing a roadmap to scale CCUS will be a critical step towards increasing competition
across all...",181,,,"error: ""Could not resolve authentication method. Expected one of api_key, auth_token, or credentials to be set. Or for one of the `X-Api-Key` or `Authorization` headers to be explicitly omitted"""
bp_24,50,CCUS,CCUS,20822,"..., CCUS innovations would benefit from a number of supporting enablers 
  to make installing capture equipment a preferred pathway. Simple price setting 
  mechanisms in many arenas have shown a strong ability to drive efficient capital 
  formation into markets like CCUS. INITIAL FINDING 4: SCALING CCUS REQUIRES A PHASED APPROACH,
DEVELOPING QUICK WINS WITH CAPTURE FROM HIGH-PURITY-CO₂ SOURCES
WHILE ADVANCING TECHNOLOGIES TO SUPPORT LONGER-TERM AT-SCALE
DEPLOYMENT

Developing a roadmap to scale CCUS will be a critical step towards increasing competition
across all carbon reduction pathways and acc...",182,,,"error: ""Could not resolve authentication method. Expected one of api_key, auth_token, or credentials to be set. Or for one of the `X-Api-Key` or `Authorization` headers to be explicitly omitted"""
bp_24,50,CCUS,CCUS,21022,"...ability to drive efficient capital 
  formation into markets like CCUS. INITIAL FINDING 4: SCALING CCUS REQUIRES A PHASED APPROACH,
DEVELOPING QUICK WINS WITH CAPTURE FROM HIGH-PURITY-CO₂ SOURCES
WHILE ADVANCING TECHNOLOGIES TO SUPPORT LONGER-TERM AT-SCALE
DEPLOYMENT

Developing a roadmap to scale CCUS will be a critical step towards increasing competition
across all carbon reduction pathways and accelerating the speed of innovation within potential
CCUS pathways such as:

■ High-purity CO₂ point-source CCUS pathway: CCUS applied to point-source emissions
from high-purity CO₂ point sources (e.g....",183,,,"error: ""Could not resolve authentication method. Expected one of api_key, auth_token, or credentials to be set. Or for one of the `X-Api-Key` or `Authorization` headers to be explicitly omitted"""
bp_24,50,CCUS,CCUS,21177,"...WITH CAPTURE FROM HIGH-PURITY-CO₂ SOURCES
WHILE ADVANCING TECHNOLOGIES TO SUPPORT LONGER-TERM AT-SCALE
DEPLOYMENT

Developing a roadmap to scale CCUS will be a critical step towards increasing competition
across all carbon reduction pathways and accelerating the speed of innovation within potential
CCUS pathways such as:

■ High-purity CO₂ point-source CCUS pathway: CCUS applied to point-source emissions
from high-purity CO₂ point sources (e.g. ethanol, natural gas processing) to high-value end
uses like CO₂ EOR offers the quickest, most economic opportunity to scale CCUS.

■ Lower-purity CO₂ poin...",184,,,"error: ""Could not resolve authentication method. Expected one of api_key, auth_token, or credentials to be set. Or for one of the `X-Api-Key` or `Authorization` headers to be explicitly omitted"""
bp_24,50,CCUS,CCUS,21232,"...NG TECHNOLOGIES TO SUPPORT LONGER-TERM AT-SCALE
DEPLOYMENT

Developing a roadmap to scale CCUS will be a critical step towards increasing competition
across all carbon reduction pathways and accelerating the speed of innovation within potential
CCUS pathways such as:

■ High-purity CO₂ point-source CCUS pathway: CCUS applied to point-source emissions
from high-purity CO₂ point sources (e.g. ethanol, natural gas processing) to high-value end
uses like CO₂ EOR offers the quickest, most economic opportunity to scale CCUS.

■ Lower-purity CO₂ point source CCUS pathway: Innovative CCUS approaches appli...",185,,,"error: ""Could not resolve authentication method. Expected one of api_key, auth_token, or credentials to be set. Or for one of the `X-Api-Key` or `Authorization` headers to be explicitly omitted"""
bp_24,50,CCUS,CCUS,21246,"...S TO SUPPORT LONGER-TERM AT-SCALE
DEPLOYMENT

Developing a roadmap to scale CCUS will be a critical step towards increasing competition
across all carbon reduction pathways and accelerating the speed of innovation within potential
CCUS pathways such as:

■ High-purity CO₂ point-source CCUS pathway: CCUS applied to point-source emissions
from high-purity CO₂ point sources (e.g. ethanol, natural gas processing) to high-value end
uses like CO₂ EOR offers the quickest, most economic opportunity to scale CCUS.

■ Lower-purity CO₂ point source CCUS pathway: Innovative CCUS approaches applied to
lower-pu...",186,,,"error: ""Could not resolve authentication method. Expected one of api_key, auth_token, or credentials to be set. Or for one of the `X-Api-Key` or `Authorization` headers to be explicitly omitted"""
bp_24,50,CCUS,CCUS,21451,"...novation within potential
CCUS pathways such as:

■ High-purity CO₂ point-source CCUS pathway: CCUS applied to point-source emissions
from high-purity CO₂ point sources (e.g. ethanol, natural gas processing) to high-value end
uses like CO₂ EOR offers the quickest, most economic opportunity to scale CCUS.

■ Lower-purity CO₂ point source CCUS pathway: Innovative CCUS approaches applied to
lower-purity CO₂ point sources (e.g. natural gas combined cycle & coal power plants and
process-intensive heavy industries like cement) to scale CCUS penetration across a wider
range of point sources.

■ Negative...",187,,,"error: ""Could not resolve authentication method. Expected one of api_key, auth_token, or credentials to be set. Or for one of the `X-Api-Key` or `Authorization` headers to be explicitly omitted"""
bp_24,50,CCUS,CCUS,21490,"...such as:

■ High-purity CO₂ point-source CCUS pathway: CCUS applied to point-source emissions
from high-purity CO₂ point sources (e.g. ethanol, natural gas processing) to high-value end
uses like CO₂ EOR offers the quickest, most economic opportunity to scale CCUS.

■ Lower-purity CO₂ point source CCUS pathway: Innovative CCUS approaches applied to
lower-purity CO₂ point sources (e.g. natural gas combined cycle & coal power plants and
process-intensive heavy industries like cement) to scale CCUS penetration across a wider
range of point sources.

■ Negative emissions CCUS pathway: Direct Air Capt...",188,,,"error: ""Could not resolve authentication method. Expected one of api_key, auth_token, or credentials to be set. Or for one of the `X-Api-Key` or `Authorization` headers to be explicitly omitted"""
bp_24,50,CCUS,CCUS,21515,"...CO₂ point-source CCUS pathway: CCUS applied to point-source emissions
from high-purity CO₂ point sources (e.g. ethanol, natural gas processing) to high-value end
uses like CO₂ EOR offers the quickest, most economic opportunity to scale CCUS.

■ Lower-purity CO₂ point source CCUS pathway: Innovative CCUS approaches applied to
lower-purity CO₂ point sources (e.g. natural gas combined cycle & coal power plants and
process-intensive heavy industries like cement) to scale CCUS penetration across a wider
range of point sources.

■ Negative emissions CCUS pathway: Direct Air Capture technologies and bio-...",189,,,"error: ""Could not resolve authentication method. Expected one of api_key, auth_token, or credentials to be set. Or for one of the `X-Api-Key` or `Authorization` headers to be explicitly omitted"""
bp_24,50,CCUS,CCUS,21687,"...CO₂ EOR offers the quickest, most economic opportunity to scale CCUS.

■ Lower-purity CO₂ point source CCUS pathway: Innovative CCUS approaches applied to
lower-purity CO₂ point sources (e.g. natural gas combined cycle & coal power plants and
process-intensive heavy industries like cement) to scale CCUS penetration across a wider
range of point sources.

■ Negative emissions CCUS pathway: Direct Air Capture technologies and bio-energy with
CCS which uses sustainably produced feedstocks and afforestation to generate ‘negative’
emissions.

■ Hydrogen economy with CCUS pathway: Shifting industries li...",190,,,"error: ""Could not resolve authentication method. Expected one of api_key, auth_token, or credentials to be set. Or for one of the `X-Api-Key` or `Authorization` headers to be explicitly omitted"""
bp_24,50,CCUS,CCUS,21765,"...-purity CO₂ point source CCUS pathway: Innovative CCUS approaches applied to
lower-purity CO₂ point sources (e.g. natural gas combined cycle & coal power plants and
process-intensive heavy industries like cement) to scale CCUS penetration across a wider
range of point sources.

■ Negative emissions CCUS pathway: Direct Air Capture technologies and bio-energy with
CCS which uses sustainably produced feedstocks and afforestation to generate ‘negative’
emissions.

■ Hydrogen economy with CCUS pathway: Shifting industries like transportation, heating
fuels, and industrial processes to hydrogen as a cl...",191,,,"error: ""Could not resolve authentication method. Expected one of api_key, auth_token, or credentials to be set. Or for one of the `X-Api-Key` or `Authorization` headers to be explicitly omitted"""
bp_24,50,CCUS,Direct Air Capture,21779,"...int source CCUS pathway: Innovative CCUS approaches applied to
lower-purity CO₂ point sources (e.g. natural gas combined cycle & coal power plants and
process-intensive heavy industries like cement) to scale CCUS penetration across a wider
range of point sources.

■ Negative emissions CCUS pathway: Direct Air Capture technologies and bio-energy with
CCS which uses sustainably produced feedstocks and afforestation to generate ‘negative’
emissions.

■ Hydrogen economy with CCUS pathway: Shifting industries like transportation, heating
fuels, and industrial processes to hydrogen as a clean energy source when combu...",192,,,"error: ""Could not resolve authentication method. Expected one of api_key, auth_token, or credentials to be set. Or for one of the `X-Api-Key` or `Authorization` headers to be explicitly omitted"""
bp_24,50,CCUS,CCS,21831,"...applied to
lower-purity CO₂ point sources (e.g. natural gas combined cycle & coal power plants and
process-intensive heavy industries like cement) to scale CCUS penetration across a wider
range of point sources.

■ Negative emissions CCUS pathway: Direct Air Capture technologies and bio-energy with
CCS which uses sustainably produced feedstocks and afforestation to generate ‘negative’
emissions.

■ Hydrogen economy with CCUS pathway: Shifting industries like transportation, heating
fuels, and industrial processes to hydrogen as a clean energy source when combusted,
leveraging CCUS during the hydr...",193,,,"error: ""Could not resolve authentication method. Expected one of api_key, auth_token, or credentials to be set. Or for one of the `X-Api-Key` or `Authorization` headers to be explicitly omitted"""
bp_24,50,CCUS,CCUS,21955,"...ndustries like cement) to scale CCUS penetration across a wider
range of point sources.

■ Negative emissions CCUS pathway: Direct Air Capture technologies and bio-energy with
CCS which uses sustainably produced feedstocks and afforestation to generate ‘negative’
emissions.

■ Hydrogen economy with CCUS pathway: Shifting industries like transportation, heating
fuels, and industrial processes to hydrogen as a clean energy source when combusted,
leveraging CCUS during the hydrogen production process which is still >95% fossil fuel
based.

These pathways will compete with one another and also with ot...",194,,,"error: ""Could not resolve authentication method. Expected one of api_key, auth_token, or credentials to be set. Or for one of the `X-Api-Key` or `Authorization` headers to be explicitly omitted"""
bp_24,50,CCUS,CCUS,22114,"...bio-energy with
CCS which uses sustainably produced feedstocks and afforestation to generate ‘negative’
emissions.

■ Hydrogen economy with CCUS pathway: Shifting industries like transportation, heating
fuels, and industrial processes to hydrogen as a clean energy source when combusted,
leveraging CCUS during the hydrogen production process which is still >95% fossil fuel
based.

These pathways will compete with one another and also with other low-carbon pathways (e.g.
renewable technologies such as wind, storage, batteries, next-generation advance nuclear
technologies, green hydrogen, etc.). Fos...",195,,,"error: ""Could not resolve authentication method. Expected one of api_key, auth_token, or credentials to be set. Or for one of the `X-Api-Key` or `Authorization` headers to be explicitly omitted"""
bp_24,50,CCUS,CCUS,22660,"...n advance nuclear
technologies, green hydrogen, etc.). Fostering competition among these pathways will
accelerate the energy transition needed to overcome the world’s dual challenge of meeting
energy demand & supporting economic growth while reducing carbon emissions. If
implemented, we expect that CCUS could play a significant role in decarbonization, likely
abating X-Y Million tonnes per annum (P-Q % of US total CO₂ emissions) by 2030, more than
our business-as-usual projections of W-Z Million tonnes per annum (S-T % of US total). EMERGING HYPOTHESIS 5: CCUS COULD DELIVER MAJOR BENEFITS FOR BOTH...",196,,,"error: ""Could not resolve authentication method. Expected one of api_key, auth_token, or credentials to be set. Or for one of the `X-Api-Key` or `Authorization` headers to be explicitly omitted"""
bp_24,50,CCUS,CCUS,22922,"...sions. If
implemented, we expect that CCUS could play a significant role in decarbonization, likely
abating X-Y Million tonnes per annum (P-Q % of US total CO₂ emissions) by 2030, more than
our business-as-usual projections of W-Z Million tonnes per annum (S-T % of US total). EMERGING HYPOTHESIS 5: CCUS COULD DELIVER MAJOR BENEFITS FOR BOTH INDUSTRY AND THE ENVIRONMENT

CCUS could have several major benefits, including:

● Abating X-Y% of US carbon emissions by 2030 and helping address the global dual-challenge

● Supporting an increase in US domestic crude production of ~X Million bbl/d

● Contri...",197,,,"error: ""Could not resolve authentication method. Expected one of api_key, auth_token, or credentials to be set. Or for one of the `X-Api-Key` or `Authorization` headers to be explicitly omitted"""
bp_24,50,CCUS,CCUS,22995,"...in decarbonization, likely
abating X-Y Million tonnes per annum (P-Q % of US total CO₂ emissions) by 2030, more than
our business-as-usual projections of W-Z Million tonnes per annum (S-T % of US total). EMERGING HYPOTHESIS 5: CCUS COULD DELIVER MAJOR BENEFITS FOR BOTH INDUSTRY AND THE ENVIRONMENT

CCUS could have several major benefits, including:

● Abating X-Y% of US carbon emissions by 2030 and helping address the global dual-challenge

● Supporting an increase in US domestic crude production of ~X Million bbl/d

● Contributing materially to federal and state revenues

● Enabling the US to tak...",198,,,"error: ""Could not resolve authentication method. Expected one of api_key, auth_token, or credentials to be set. Or for one of the `X-Api-Key` or `Authorization` headers to be explicitly omitted"""
bp_24,50,CCUS,CCUS,23332,"...s, including:

● Abating X-Y% of US carbon emissions by 2030 and helping address the global dual-challenge

● Supporting an increase in US domestic crude production of ~X Million bbl/d

● Contributing materially to federal and state revenues

● Enabling the US to take a clear leadership position in CCUS technology innovation that builds on the US’s exceptional natural endowment and creates CCUS business models

● Maintaining X-Y jobs and creating W-Z jobs

● Securing the export of fossil fuels with CCUS to countries with tight carbon policies and regulations

● Continuing to use existing infrastru...",199,,,"error: ""Could not resolve authentication method. Expected one of api_key, auth_token, or credentials to be set. Or for one of the `X-Api-Key` or `Authorization` headers to be explicitly omitted"""
bp_24,50,CCUS,CCUS,23425,"...ual-challenge

● Supporting an increase in US domestic crude production of ~X Million bbl/d

● Contributing materially to federal and state revenues

● Enabling the US to take a clear leadership position in CCUS technology innovation that builds on the US’s exceptional natural endowment and creates CCUS business models

● Maintaining X-Y jobs and creating W-Z jobs

● Securing the export of fossil fuels with CCUS to countries with tight carbon policies and regulations

● Continuing to use existing infrastructure over the long term Integrated project timeline, owners, and open questions

The final N...",200,,,"error: ""Could not resolve authentication method. Expected one of api_key, auth_token, or credentials to be set. Or for one of the `X-Api-Key` or `Authorization` headers to be explicitly omitted"""
bp_24,50,CCUS,CCUS,23536,"...erially to federal and state revenues

● Enabling the US to take a clear leadership position in CCUS technology innovation that builds on the US’s exceptional natural endowment and creates CCUS business models

● Maintaining X-Y jobs and creating W-Z jobs

● Securing the export of fossil fuels with CCUS to countries with tight carbon policies and regulations

● Continuing to use existing infrastructure over the long term Integrated project timeline, owners, and open questions

The final NPC CCUS study report should be submitted by late August 2019 and delivered to Secretary Perry in mid-September...",201,,,"error: ""Could not resolve authentication method. Expected one of api_key, auth_token, or credentials to be set. Or for one of the `X-Api-Key` or `Authorization` headers to be explicitly omitted"""
bp_24,50,CCUS,CCUS,23732,"...siness models

● Maintaining X-Y jobs and creating W-Z jobs

● Securing the export of fossil fuels with CCUS to countries with tight carbon policies and regulations

● Continuing to use existing infrastructure over the long term Integrated project timeline, owners, and open questions

The final NPC CCUS study report should be submitted by late August 2019 and delivered to Secretary Perry in mid-September 2019. Working backwards, the first draft of the full report that integrates the work of each task group, will be shared with the CSC on May 13, 2019. A more detailed timeline has been created with...",202,,,"error: ""Could not resolve authentication method. Expected one of api_key, auth_token, or credentials to be set. Or for one of the `X-Api-Key` or `Authorization` headers to be explicitly omitted"""
bp_24,50,CCUS,CCS,25943,"...bgroup 2E: CO2 EOR
Chair: Charlene Russell (Oxy)
Co-Chair: William Barrett (Oxy) □ CO₂-EOR: What additional incentives can unlock the vast CO₂-EOR potential in the
   US? (Subgroup 2E: CO₂ EOR)

□ Storage: What US government enablers would be required to meaningfully grow the
   number and scale of CCS projects? (Subgroup 2D: Storage)

□ Higher complexity end-use: How could regulation and policy levers shape higher
   complexity end-use? (Subgroup 2C: Use)

□ Carbon price: Following transitional CCUS incentives, how do we establish an
   economy-wide approach? (Subgroup 3A: Policy, Regulatory, &...",203,,,"error: ""Could not resolve authentication method. Expected one of api_key, auth_token, or credentials to be set. Or for one of the `X-Api-Key` or `Authorization` headers to be explicitly omitted"""
bp_24,50,CCUS,CCUS,26144,"...age: What US government enablers would be required to meaningfully grow the
   number and scale of CCS projects? (Subgroup 2D: Storage)

□ Higher complexity end-use: How could regulation and policy levers shape higher
   complexity end-use? (Subgroup 2C: Use)

□ Carbon price: Following transitional CCUS incentives, how do we establish an
   economy-wide approach? (Subgroup 3A: Policy, Regulatory, & Legal)

– CCUS transportation infrastructure: What infrastructure is needed to connect CO₂ 
   supply and demand and what is needed from industry, government and other
   stakeholders to ensure the appr...",204,,,"error: ""Could not resolve authentication method. Expected one of api_key, auth_token, or credentials to be set. Or for one of the `X-Api-Key` or `Authorization` headers to be explicitly omitted"""
bp_24,50,CCUS,CCUS,26256,"...(Subgroup 2D: Storage)

□ Higher complexity end-use: How could regulation and policy levers shape higher
   complexity end-use? (Subgroup 2C: Use)

□ Carbon price: Following transitional CCUS incentives, how do we establish an
   economy-wide approach? (Subgroup 3A: Policy, Regulatory, & Legal)

– CCUS transportation infrastructure: What infrastructure is needed to connect CO₂ 
   supply and demand and what is needed from industry, government and other
   stakeholders to ensure the appropriate oversized common-carrier infrastructure gets built
   (Subgroup 2B: Transport)

– CCUS project capital f...",205,,,"error: ""Could not resolve authentication method. Expected one of api_key, auth_token, or credentials to be set. Or for one of the `X-Api-Key` or `Authorization` headers to be explicitly omitted"""
bp_24,50,CCUS,CCUS,26538,"...tory, & Legal)

– CCUS transportation infrastructure: What infrastructure is needed to connect CO₂ 
   supply and demand and what is needed from industry, government and other
   stakeholders to ensure the appropriate oversized common-carrier infrastructure gets built
   (Subgroup 2B: Transport)

– CCUS project capital formation: What is needed to enable private-sector capital 
   formation for CCUS projects? (Subgroup 3C: Value Chains / Cross-industry 
   integration)

– Public perception of CCUS: How is CCUS currently perceived by different stakeholder
   groups and what steps could be taken to...",206,,,"error: ""Could not resolve authentication method. Expected one of api_key, auth_token, or credentials to be set. Or for one of the `X-Api-Key` or `Authorization` headers to be explicitly omitted"""
bp_24,50,CCUS,CCUS,26636,"...supply and demand and what is needed from industry, government and other
   stakeholders to ensure the appropriate oversized common-carrier infrastructure gets built
   (Subgroup 2B: Transport)

– CCUS project capital formation: What is needed to enable private-sector capital 
   formation for CCUS projects? (Subgroup 3C: Value Chains / Cross-industry 
   integration)

– Public perception of CCUS: How is CCUS currently perceived by different stakeholder
   groups and what steps could be taken to improve how it is viewed? (Subgroup 3B:
   Stakeholder engagement / acceptance)

■ Low carbon prod...",207,,,"error: ""Could not resolve authentication method. Expected one of api_key, auth_token, or credentials to be set. Or for one of the `X-Api-Key` or `Authorization` headers to be explicitly omitted"""
bp_24,50,CCUS,CCUS,26736,"...ure the appropriate oversized common-carrier infrastructure gets built
   (Subgroup 2B: Transport)

– CCUS project capital formation: What is needed to enable private-sector capital 
   formation for CCUS projects? (Subgroup 3C: Value Chains / Cross-industry 
   integration)

– Public perception of CCUS: How is CCUS currently perceived by different stakeholder
   groups and what steps could be taken to improve how it is viewed? (Subgroup 3B:
   Stakeholder engagement / acceptance)

■ Low carbon products: What impact will the incorporation of CCUS have on the cost of the
   product it is being appl...",208,,,"error: ""Could not resolve authentication method. Expected one of api_key, auth_token, or credentials to be set. Or for one of the `X-Api-Key` or `Authorization` headers to be explicitly omitted"""
bp_24,50,CCUS,CCUS,26749,"...priate oversized common-carrier infrastructure gets built
   (Subgroup 2B: Transport)

– CCUS project capital formation: What is needed to enable private-sector capital 
   formation for CCUS projects? (Subgroup 3C: Value Chains / Cross-industry 
   integration)

– Public perception of CCUS: How is CCUS currently perceived by different stakeholder
   groups and what steps could be taken to improve how it is viewed? (Subgroup 3B:
   Stakeholder engagement / acceptance)

■ Low carbon products: What impact will the incorporation of CCUS have on the cost of the
   product it is being applied to (power...",209,,,"error: ""Could not resolve authentication method. Expected one of api_key, auth_token, or credentials to be set. Or for one of the `X-Api-Key` or `Authorization` headers to be explicitly omitted"""
bp_24,50,CCUS,CCUS,26984,"...s-industry 
   integration)

– Public perception of CCUS: How is CCUS currently perceived by different stakeholder
   groups and what steps could be taken to improve how it is viewed? (Subgroup 3B:
   Stakeholder engagement / acceptance)

■ Low carbon products: What impact will the incorporation of CCUS have on the cost of the
   product it is being applied to (power/fuels/materials)? How can consumer demand for these
   products be encouraged while also avoiding unintended consequences? (Integrative  
   Economics team)

■ Other benefits: What would be the impact of scaling US CCUS in job creatio...",210,,,"error: ""Could not resolve authentication method. Expected one of api_key, auth_token, or credentials to be set. Or for one of the `X-Api-Key` or `Authorization` headers to be explicitly omitted"""
bp_24,50,CCUS,CCUS,27269,"...corporation of CCUS have on the cost of the
   product it is being applied to (power/fuels/materials)? How can consumer demand for these
   products be encouraged while also avoiding unintended consequences? (Integrative  
   Economics team)

■ Other benefits: What would be the impact of scaling US CCUS in job creation, GDP growth,
   technology capability and energy security (e.g., exports, additional production via CO₂-EOR)
   across a range of CCUS adoption scenarios? (Integrative Economics team) NPC CCUS Study
Framing Exercise

Steering Committee Summary | Oct. 9, 2018 Executive summary

Situa...",211,,,"error: ""Could not resolve authentication method. Expected one of api_key, auth_token, or credentials to be set. Or for one of the `X-Api-Key` or `Authorization` headers to be explicitly omitted"""
bp_24,50,CCUS,CCUS,27420,"...encouraged while also avoiding unintended consequences? (Integrative  
   Economics team)

■ Other benefits: What would be the impact of scaling US CCUS in job creation, GDP growth,
   technology capability and energy security (e.g., exports, additional production via CO₂-EOR)
   across a range of CCUS adoption scenarios? (Integrative Economics team) NPC CCUS Study
Framing Exercise

Steering Committee Summary | Oct. 9, 2018 Executive summary

Situation: CCUS is required to meet dual challenge of reducing emissions while satisfying energy demand; deployment of CCUS at scale may also provide benefi...",212,,,"error: ""Could not resolve authentication method. Expected one of api_key, auth_token, or credentials to be set. Or for one of the `X-Api-Key` or `Authorization` headers to be explicitly omitted"""
bp_24,50,CCUS,CCUS,27478,"...Integrative  
   Economics team)

■ Other benefits: What would be the impact of scaling US CCUS in job creation, GDP growth,
   technology capability and energy security (e.g., exports, additional production via CO₂-EOR)
   across a range of CCUS adoption scenarios? (Integrative Economics team) NPC CCUS Study
Framing Exercise

Steering Committee Summary | Oct. 9, 2018 Executive summary

Situation: CCUS is required to meet dual challenge of reducing emissions while satisfying energy demand; deployment of CCUS at scale may also provide benefits to US economy

Key challenges: Multiple factors have li...",213,,,"error: ""Could not resolve authentication method. Expected one of api_key, auth_token, or credentials to be set. Or for one of the `X-Api-Key` or `Authorization` headers to be explicitly omitted"""
bp_24,50,CCUS,CCUS,27579,"...b creation, GDP growth,
   technology capability and energy security (e.g., exports, additional production via CO₂-EOR)
   across a range of CCUS adoption scenarios? (Integrative Economics team) NPC CCUS Study
Framing Exercise

Steering Committee Summary | Oct. 9, 2018 Executive summary

Situation: CCUS is required to meet dual challenge of reducing emissions while satisfying energy demand; deployment of CCUS at scale may also provide benefits to US economy

Key challenges: Multiple factors have limited CCUS deployment; CCUS projects at-scale are currently uneconomic

Enabling future CCUS at scale...",214,,,"error: ""Could not resolve authentication method. Expected one of api_key, auth_token, or credentials to be set. Or for one of the `X-Api-Key` or `Authorization` headers to be explicitly omitted"""
bp_24,50,CCUS,CCUS,27687,"...ia CO₂-EOR)
   across a range of CCUS adoption scenarios? (Integrative Economics team) NPC CCUS Study
Framing Exercise

Steering Committee Summary | Oct. 9, 2018 Executive summary

Situation: CCUS is required to meet dual challenge of reducing emissions while satisfying energy demand; deployment of CCUS at scale may also provide benefits to US economy

Key challenges: Multiple factors have limited CCUS deployment; CCUS projects at-scale are currently uneconomic

Enabling future CCUS at scale: Policy, legislation, and regulatory levers are needed to help spur innovation and unlock technology, capit...",215,,,"error: ""Could not resolve authentication method. Expected one of api_key, auth_token, or credentials to be set. Or for one of the `X-Api-Key` or `Authorization` headers to be explicitly omitted"""
bp_24,50,CCUS,CCUS,27788,"...Framing Exercise

Steering Committee Summary | Oct. 9, 2018 Executive summary

Situation: CCUS is required to meet dual challenge of reducing emissions while satisfying energy demand; deployment of CCUS at scale may also provide benefits to US economy

Key challenges: Multiple factors have limited CCUS deployment; CCUS projects at-scale are currently uneconomic

Enabling future CCUS at scale: Policy, legislation, and regulatory levers are needed to help spur innovation and unlock technology, capital and market challenges currently facing CCUS

• The world faces a dual challenge: increasing energy...",216,,,"error: ""Could not resolve authentication method. Expected one of api_key, auth_token, or credentials to be set. Or for one of the `X-Api-Key` or `Authorization` headers to be explicitly omitted"""
bp_24,50,CCUS,CCUS,27805,"...Steering Committee Summary | Oct. 9, 2018 Executive summary

Situation: CCUS is required to meet dual challenge of reducing emissions while satisfying energy demand; deployment of CCUS at scale may also provide benefits to US economy

Key challenges: Multiple factors have limited CCUS deployment; CCUS projects at-scale are currently uneconomic

Enabling future CCUS at scale: Policy, legislation, and regulatory levers are needed to help spur innovation and unlock technology, capital and market challenges currently facing CCUS

• The world faces a dual challenge: increasing energy production to me...",217,,,"error: ""Could not resolve authentication method. Expected one of api_key, auth_token, or credentials to be set. Or for one of the `X-Api-Key` or `Authorization` headers to be explicitly omitted"""
bp_24,50,CCUS,CCUS,27870,"...tuation: CCUS is required to meet dual challenge of reducing emissions while satisfying energy demand; deployment of CCUS at scale may also provide benefits to US economy

Key challenges: Multiple factors have limited CCUS deployment; CCUS projects at-scale are currently uneconomic

Enabling future CCUS at scale: Policy, legislation, and regulatory levers are needed to help spur innovation and unlock technology, capital and market challenges currently facing CCUS

• The world faces a dual challenge: increasing energy production to meet growing energy demand (expected to reach ~600 quad. btu by 203...",218,,,"error: ""Could not resolve authentication method. Expected one of api_key, auth_token, or credentials to be set. Or for one of the `X-Api-Key` or `Authorization` headers to be explicitly omitted"""
bp_24,50,CCUS,CCUS,28033,"...economy

Key challenges: Multiple factors have limited CCUS deployment; CCUS projects at-scale are currently uneconomic

Enabling future CCUS at scale: Policy, legislation, and regulatory levers are needed to help spur innovation and unlock technology, capital and market challenges currently facing CCUS

• The world faces a dual challenge: increasing energy production to meet growing energy demand (expected to reach ~600 quad. btu by 2030) while simultaneously reducing carbon emissions (reaching ~36 Gtpa by 2030) to protect the environment
• Large-scale commercialization of Carbon Capture, Use & S...",219,,,"error: ""Could not resolve authentication method. Expected one of api_key, auth_token, or credentials to be set. Or for one of the `X-Api-Key` or `Authorization` headers to be explicitly omitted"""
bp_24,50,CCUS,Carbon Capture,28314,"...s currently facing CCUS

• The world faces a dual challenge: increasing energy production to meet growing energy demand (expected to reach ~600 quad. btu by 2030) while simultaneously reducing carbon emissions (reaching ~36 Gtpa by 2030) to protect the environment
• Large-scale commercialization of Carbon Capture, Use & Storage (CCUS) is critical to address this dual challenge; in the US alone, CCUS has the potential to reduce X-Y% of total CO₂ emissions by 2030 and achieve zero net carbon emissions in the longer term
• CCUS has a strong foundation in the US: 16 projects abate ~28 Mpta and CO₂-EOR has been...",220,,,"error: ""Could not resolve authentication method. Expected one of api_key, auth_token, or credentials to be set. Or for one of the `X-Api-Key` or `Authorization` headers to be explicitly omitted"""
bp_24,50,CCUS,CCUS,28345,"...world faces a dual challenge: increasing energy production to meet growing energy demand (expected to reach ~600 quad. btu by 2030) while simultaneously reducing carbon emissions (reaching ~36 Gtpa by 2030) to protect the environment
• Large-scale commercialization of Carbon Capture, Use & Storage (CCUS) is critical to address this dual challenge; in the US alone, CCUS has the potential to reduce X-Y% of total CO₂ emissions by 2030 and achieve zero net carbon emissions in the longer term
• CCUS has a strong foundation in the US: 16 projects abate ~28 Mpta and CO₂-EOR has been successfully used for...",221,,,"error: ""Could not resolve authentication method. Expected one of api_key, auth_token, or credentials to be set. Or for one of the `X-Api-Key` or `Authorization` headers to be explicitly omitted"""
bp_24,50,CCUS,CCUS,28412,"...growing energy demand (expected to reach ~600 quad. btu by 2030) while simultaneously reducing carbon emissions (reaching ~36 Gtpa by 2030) to protect the environment
• Large-scale commercialization of Carbon Capture, Use & Storage (CCUS) is critical to address this dual challenge; in the US alone, CCUS has the potential to reduce X-Y% of total CO₂ emissions by 2030 and achieve zero net carbon emissions in the longer term
• CCUS has a strong foundation in the US: 16 projects abate ~28 Mpta and CO₂-EOR has been successfully used for decades
• If deployed at scale, CCUS solutions could help ensure t...",222,,,"error: ""Could not resolve authentication method. Expected one of api_key, auth_token, or credentials to be set. Or for one of the `X-Api-Key` or `Authorization` headers to be explicitly omitted"""
bp_24,50,CCUS,CCUS,28540,"...pa by 2030) to protect the environment
• Large-scale commercialization of Carbon Capture, Use & Storage (CCUS) is critical to address this dual challenge; in the US alone, CCUS has the potential to reduce X-Y% of total CO₂ emissions by 2030 and achieve zero net carbon emissions in the longer term
• CCUS has a strong foundation in the US: 16 projects abate ~28 Mpta and CO₂-EOR has been successfully used for decades
• If deployed at scale, CCUS solutions could help ensure the US:
    • Reduces its carbon emissions well beyond what substitution by other low carbon alternatives alone can achieve
    •...",223,,,"error: ""Could not resolve authentication method. Expected one of api_key, auth_token, or credentials to be set. Or for one of the `X-Api-Key` or `Authorization` headers to be explicitly omitted"""
bp_24,50,CCUS,CCUS,28682,"...l challenge; in the US alone, CCUS has the potential to reduce X-Y% of total CO₂ emissions by 2030 and achieve zero net carbon emissions in the longer term
• CCUS has a strong foundation in the US: 16 projects abate ~28 Mpta and CO₂-EOR has been successfully used for decades
• If deployed at scale, CCUS solutions could help ensure the US:
    • Reduces its carbon emissions well beyond what substitution by other low carbon alternatives alone can achieve
    • Uses its existing fossil fuel resources, protecting state and federal revenue sources and supporting the license to operate
    • Positions t...",224,,,"error: ""Could not resolve authentication method. Expected one of api_key, auth_token, or credentials to be set. Or for one of the `X-Api-Key` or `Authorization` headers to be explicitly omitted"""
bp_24,50,CCUS,CCUS,28996,"...could help ensure the US:
    • Reduces its carbon emissions well beyond what substitution by other low carbon alternatives alone can achieve
    • Uses its existing fossil fuel resources, protecting state and federal revenue sources and supporting the license to operate
    • Positions the US for CCUS technology leadership and associated business opportunities
    • Potentially accelerates economic growth, job creation, exports, and enables the continued use of existing infrastructure over the long-term

    - CCUS has a solid foundation but its deployment remains limited with <1% of US emission...",225,,,"error: ""Could not resolve authentication method. Expected one of api_key, auth_token, or credentials to be set. Or for one of the `X-Api-Key` or `Authorization` headers to be explicitly omitted"""
bp_24,50,CCUS,CCUS,29214,"...revenue sources and supporting the license to operate
    • Positions the US for CCUS technology leadership and associated business opportunities
    • Potentially accelerates economic growth, job creation, exports, and enables the continued use of existing infrastructure over the long-term

    - CCUS has a solid foundation but its deployment remains limited with <1% of US emissions abated by it; 5 key reasons are:
          • Few economically-viable business cases for anthropogenic CO₂ use in CO₂-EOR; US could scale EOR production by ~10x
          • CO₂ storage in saline aquifers remains large...",226,,,"error: ""Could not resolve authentication method. Expected one of api_key, auth_token, or credentials to be set. Or for one of the `X-Api-Key` or `Authorization` headers to be explicitly omitted"""
bp_24,50,CCUS,CCUS,29811,"...s largely undeveloped: Only 1 large project in the US exists with significant potential untapped
          • High cost-of-capture for power and industrial point sources: Remains a science & technology challenge with costs >$70-120/tCO₂
          • Limited CO₂ transportation infrastructure: Existing CCUS pipeline infrastructure has been largely point-to-point & project-dedicated
          • Few proven, low-cost, end-use applications: Some good niche products exists, but no major end-use markets exist beyond CO₂-EOR
          • Insufficient sponsorship and advocacy: CCUS has lacked influential indus...",227,,,"error: ""Could not resolve authentication method. Expected one of api_key, auth_token, or credentials to be set. Or for one of the `X-Api-Key` or `Authorization` headers to be explicitly omitted"""
bp_24,50,CCUS,CCUS,30082,"...ion infrastructure: Existing CCUS pipeline infrastructure has been largely point-to-point & project-dedicated
          • Few proven, low-cost, end-use applications: Some good niche products exists, but no major end-use markets exist beyond CO₂-EOR
          • Insufficient sponsorship and advocacy: CCUS has lacked influential industry, sponsors and governmental group tolerance/support

• Deploying CCUS at scale into the market will require broad-based commitments across multiple pathways:
    • Significant expansion of CO₂-EOR requires additional incentives; recent 45Q policy changes & DOE/ARRA gr...",228,,,"error: ""Could not resolve authentication method. Expected one of api_key, auth_token, or credentials to be set. Or for one of the `X-Api-Key` or `Authorization` headers to be explicitly omitted"""
bp_24,50,CCUS,CCUS,30183,"...edicated
          • Few proven, low-cost, end-use applications: Some good niche products exists, but no major end-use markets exist beyond CO₂-EOR
          • Insufficient sponsorship and advocacy: CCUS has lacked influential industry, sponsors and governmental group tolerance/support

• Deploying CCUS at scale into the market will require broad-based commitments across multiple pathways:
    • Significant expansion of CO₂-EOR requires additional incentives; recent 45Q policy changes & DOE/ARRA grants have made some impact but stronger near-term incentives will be needed to improve project risk /...",229,,,"error: ""Could not resolve authentication method. Expected one of api_key, auth_token, or credentials to be set. Or for one of the `X-Api-Key` or `Authorization` headers to be explicitly omitted"""
bp_24,50,CCUS,carbon capture,30939,"...g,
      reporting & verification requirements, along with resolving long-term liability and pore-space ownership issues
    • Increasing capture from power and industrial point sources requires incentives for innovation & capital formation to reduce costs, e.g.,
      • Major commitment to R&D for carbon capture across multiple innovation pathways (e.g. pre- / post- / oxy-combustion, direct air capture)
      • Strong CO₂ capture incentives for producers e.g. First-of-a-kind demonstration funding, investment tax credits, MLP qualification, etc.
• Following foundational CCUS incentives, establishing and sup...",230,,,"error: ""Could not resolve authentication method. Expected one of api_key, auth_token, or credentials to be set. Or for one of the `X-Api-Key` or `Authorization` headers to be explicitly omitted"""
bp_24,50,CCUS,direct air capture,31027,"...and pore-space ownership issues
    • Increasing capture from power and industrial point sources requires incentives for innovation & capital formation to reduce costs, e.g.,
      • Major commitment to R&D for carbon capture across multiple innovation pathways (e.g. pre- / post- / oxy-combustion, direct air capture)
      • Strong CO₂ capture incentives for producers e.g. First-of-a-kind demonstration funding, investment tax credits, MLP qualification, etc.
• Following foundational CCUS incentives, establishing and support an economy-wide carbon price mechanism
• Developing transportation infrastructure requi...",231,,,"error: ""Could not resolve authentication method. Expected one of api_key, auth_token, or credentials to be set. Or for one of the `X-Api-Key` or `Authorization` headers to be explicitly omitted"""
bp_24,50,CCUS,CCUS,31216,"...commitment to R&D for carbon capture across multiple innovation pathways (e.g. pre- / post- / oxy-combustion, direct air capture)
      • Strong CO₂ capture incentives for producers e.g. First-of-a-kind demonstration funding, investment tax credits, MLP qualification, etc.
• Following foundational CCUS incentives, establishing and support an economy-wide carbon price mechanism
• Developing transportation infrastructure requires significant federal, state & industry support to build common-carrier pipeline networks,
   enable capital formation & reduce the cost of capital for these projects, and s...",232,,,"error: ""Could not resolve authentication method. Expected one of api_key, auth_token, or credentials to be set. Or for one of the `X-Api-Key` or `Authorization` headers to be explicitly omitted"""
bp_24,50,CCUS,CCUS,31877,"...ications beyond CO₂-EOR requires additional R&D funding to drive innovation into a large range of end-use
   opportunities like chemicals, cement, fuels, etc.; incentivizing through government and industry-led procurement can also help
• Building support for this kind of comprehensive commitment to CCUS will require broad stakeholder engagement

• In absence of a price on CO₂, fostering support and market demand for low carbon products produced with CCUS along with various
    carbon reduction pathways such as renewables, hydrogen, etc. will be critical in achieving the dual challenge

NPC CCUS St...",233,,,"error: ""Could not resolve authentication method. Expected one of api_key, auth_token, or credentials to be set. Or for one of the `X-Api-Key` or `Authorization` headers to be explicitly omitted"""
bp_24,50,CCUS,CCUS,32031,"...etc.; incentivizing through government and industry-led procurement can also help
• Building support for this kind of comprehensive commitment to CCUS will require broad stakeholder engagement

• In absence of a price on CO₂, fostering support and market demand for low carbon products produced with CCUS along with various
    carbon reduction pathways such as renewables, hydrogen, etc. will be critical in achieving the dual challenge

NPC CCUS Study • 2

Successfully addressing barriers will enable CCUS to play a major role in enabling industry to meet the growing energy demand while reducing carb...",234,,,"error: ""Could not resolve authentication method. Expected one of api_key, auth_token, or credentials to be set. Or for one of the `X-Api-Key` or `Authorization` headers to be explicitly omitted"""
bp_24,50,CCUS,CCUS,32174,"...to CCUS will require broad stakeholder engagement

• In absence of a price on CO₂, fostering support and market demand for low carbon products produced with CCUS along with various
    carbon reduction pathways such as renewables, hydrogen, etc. will be critical in achieving the dual challenge

NPC CCUS Study • 2

Successfully addressing barriers will enable CCUS to play a major role in enabling industry to meet the growing energy demand while reducing carbon emissions and potentially accelerating economic growth
•••••••••• WORK IN PROGRESS
•••••••••• FOR TASK GROUPS TO REFINE
•••••••• X = Directi...",235,,,"error: ""Could not resolve authentication method. Expected one of api_key, auth_token, or credentials to be set. Or for one of the `X-Api-Key` or `Authorization` headers to be explicitly omitted"""
bp_24,50,CCUS,CCUS,32235,"...ce of a price on CO₂, fostering support and market demand for low carbon products produced with CCUS along with various
    carbon reduction pathways such as renewables, hydrogen, etc. will be critical in achieving the dual challenge

NPC CCUS Study • 2

Successfully addressing barriers will enable CCUS to play a major role in enabling industry to meet the growing energy demand while reducing carbon emissions and potentially accelerating economic growth
•••••••••• WORK IN PROGRESS
•••••••••• FOR TASK GROUPS TO REFINE
•••••••• X = Directional placeholder numbers 6 Key questions to answer going forw...",236,,,"error: ""Could not resolve authentication method. Expected one of api_key, auth_token, or credentials to be set. Or for one of the `X-Api-Key` or `Authorization` headers to be explicitly omitted"""
bp_24,50,CCUS,CCUS,32574,"...ndustry to meet the growing energy demand while reducing carbon emissions and potentially accelerating economic growth
•••••••••• WORK IN PROGRESS
•••••••••• FOR TASK GROUPS TO REFINE
•••••••• X = Directional placeholder numbers 6 Key questions to answer going forward to develop enablers in scaling CCUS 

• CO2 emission abatement potential: What could be the unconstrained abatement potential of CO2 for CCUS in the US by 2030 given today's (2018) economics, emissions & regulatory policy la",237,,,"error: ""Could not resolve authentication method. Expected one of api_key, auth_token, or credentials to be set. Or for one of the `X-Api-Key` or `Authorization` headers to be explicitly omitted"""
bp_24,50,CCUS,CCUS,32680,"...nomic growth
•••••••••• WORK IN PROGRESS
•••••••••• FOR TASK GROUPS TO REFINE
•••••••• X = Directional placeholder numbers 6 Key questions to answer going forward to develop enablers in scaling CCUS 

• CO2 emission abatement potential: What could be the unconstrained abatement potential of CO2 for CCUS in the US by 2030 given today's (2018) economics, emissions & regulatory policy la",238,,,"error: ""Could not resolve authentication method. Expected one of api_key, auth_token, or credentials to be set. Or for one of the `X-Api-Key` or `Authorization` headers to be explicitly omitted"""
bp_24,50,Hydrogen,ammonia,8167,"...ort CCUS end-use applications including EOR can be categorized into 3 major point-source sectors representing 47% of current US emissions:

■ “High-purity-CO2-sector” (4% of 2017 US CO2 emissions): Almost all CCUS in service today is linked to high purity CO2 from natural gas processing (13 of 16): ammonia, ethanol, hydrogen, and pulp & paper production plants emit high-purity CO2 streams that can be readily captured, compressed & transported.

■ Power sector coal & natural gas plants (32% of 2017 US CO2 emissions): A few (3 of 16) CO2 projects (e.g. Petra Nova) link to power generation, but coal & g...",239,,,"error: ""Could not resolve authentication method. Expected one of api_key, auth_token, or credentials to be set. Or for one of the `X-Api-Key` or `Authorization` headers to be explicitly omitted"""
bp_24,50,Hydrogen,hydrogen,8185,"...pplications including EOR can be categorized into 3 major point-source sectors representing 47% of current US emissions:

■ “High-purity-CO2-sector” (4% of 2017 US CO2 emissions): Almost all CCUS in service today is linked to high purity CO2 from natural gas processing (13 of 16): ammonia, ethanol, hydrogen, and pulp & paper production plants emit high-purity CO2 streams that can be readily captured, compressed & transported.

■ Power sector coal & natural gas plants (32% of 2017 US CO2 emissions): A few (3 of 16) CO2 projects (e.g. Petra Nova) link to power generation, but coal & gas power generation...",240,,,"error: ""Could not resolve authentication method. Expected one of api_key, auth_token, or credentials to be set. Or for one of the `X-Api-Key` or `Authorization` headers to be explicitly omitted"""
bp_24,50,Hydrogen,Hydrogen,21933,"...cess-intensive heavy industries like cement) to scale CCUS penetration across a wider
range of point sources.

■ Negative emissions CCUS pathway: Direct Air Capture technologies and bio-energy with
CCS which uses sustainably produced feedstocks and afforestation to generate ‘negative’
emissions.

■ Hydrogen economy with CCUS pathway: Shifting industries like transportation, heating
fuels, and industrial processes to hydrogen as a clean energy source when combusted,
leveraging CCUS during the hydrogen production process which is still >95% fossil fuel
based.

These pathways will compete with one anothe...",241,,,"error: ""Could not resolve authentication method. Expected one of api_key, auth_token, or credentials to be set. Or for one of the `X-Api-Key` or `Authorization` headers to be explicitly omitted"""
bp_24,50,Hydrogen,hydrogen,22053,"...e emissions CCUS pathway: Direct Air Capture technologies and bio-energy with
CCS which uses sustainably produced feedstocks and afforestation to generate ‘negative’
emissions.

■ Hydrogen economy with CCUS pathway: Shifting industries like transportation, heating
fuels, and industrial processes to hydrogen as a clean energy source when combusted,
leveraging CCUS during the hydrogen production process which is still >95% fossil fuel
based.

These pathways will compete with one another and also with other low-carbon pathways (e.g.
renewable technologies such as wind, storage, batteries, next-generation...",242,,,"error: ""Could not resolve authentication method. Expected one of api_key, auth_token, or credentials to be set. Or for one of the `X-Api-Key` or `Authorization` headers to be explicitly omitted"""
bp_24,50,Hydrogen,hydrogen,22130,"...CCS which uses sustainably produced feedstocks and afforestation to generate ‘negative’
emissions.

■ Hydrogen economy with CCUS pathway: Shifting industries like transportation, heating
fuels, and industrial processes to hydrogen as a clean energy source when combusted,
leveraging CCUS during the hydrogen production process which is still >95% fossil fuel
based.

These pathways will compete with one another and also with other low-carbon pathways (e.g.
renewable technologies such as wind, storage, batteries, next-generation advance nuclear
technologies, green hydrogen, etc.). Fostering competition a...",243,,,"error: ""Could not resolve authentication method. Expected one of api_key, auth_token, or credentials to be set. Or for one of the `X-Api-Key` or `Authorization` headers to be explicitly omitted"""
bp_24,50,Hydrogen,hydrogen,22398,"...ted,
leveraging CCUS during the hydrogen production process which is still >95% fossil fuel
based.

These pathways will compete with one another and also with other low-carbon pathways (e.g.
renewable technologies such as wind, storage, batteries, next-generation advance nuclear
technologies, green hydrogen, etc.). Fostering competition among these pathways will
accelerate the energy transition needed to overcome the world’s dual challenge of meeting
energy demand & supporting economic growth while reducing carbon emissions. If
implemented, we expect that CCUS could play a significant role in decarbon...",244,,,"error: ""Could not resolve authentication method. Expected one of api_key, auth_token, or credentials to be set. Or for one of the `X-Api-Key` or `Authorization` headers to be explicitly omitted"""
bp_24,50,Hydrogen,hydrogen,32105,"...so help
• Building support for this kind of comprehensive commitment to CCUS will require broad stakeholder engagement

• In absence of a price on CO₂, fostering support and market demand for low carbon products produced with CCUS along with various
    carbon reduction pathways such as renewables, hydrogen, etc. will be critical in achieving the dual challenge

NPC CCUS Study • 2

Successfully addressing barriers will enable CCUS to play a major role in enabling industry to meet the growing energy demand while reducing carbon emissions and potentially accelerating economic growth
•••••••••• WORK IN P...",245,,,"error: ""Could not resolve authentication method. Expected one of api_key, auth_token, or credentials to be set. Or for one of the `X-Api-Key` or `Authorization` headers to be explicitly omitted"""
bp_25,51,CCUS,CCUS,520,"...interviews from a broad range of industries,
academia, government, non-government organizations (NGOs) as well as multiple industry &
government data sources. Information in red italics represents preliminary and/or unknown data
needing further analysis from the NPC study team.

INITIAL FINDING 1: CCUS IS REQUIRED TO MEET THE DUAL CHALLENGE OF
REDUCING EMISSIONS WHILE SATISFYING ENERGY DEMAND

The world faces a dual challenge: increasing energy production (expected to reach ~660
quad. btu by 2030) to meet global economic growth, while simultaneously reducing carbon
emissions (reaching ~36 Billion...",246,,,"error: ""Could not resolve authentication method. Expected one of api_key, auth_token, or credentials to be set. Or for one of the `X-Api-Key` or `Authorization` headers to be explicitly omitted"""
bp_25,51,CCUS,Carbon Capture,977,"...ion (expected to reach ~660
quad. btu by 2030) to meet global economic growth, while simultaneously reducing carbon
emissions (reaching ~36 Billion tonnes per annum by 2030 out of which ~5.4 1 Billion tonnes per
annum of is US emissions) to protect the environment.

Large-scale commercialization of Carbon Capture, Use & Storage (CCUS) is critical to
address this dual challenge:

■ Globally, a range of decarbonization & energy transition scenarios and models suggest that
   CCUS will need to play a role in abating 10-30% of emissions by 2050^2.

■ In the US, CCUS has the potential to reduce X-Y % of CO2 emis...",247,,,"error: ""Could not resolve authentication method. Expected one of api_key, auth_token, or credentials to be set. Or for one of the `X-Api-Key` or `Authorization` headers to be explicitly omitted"""
bp_25,51,CCUS,CCUS,1008,"...d. btu by 2030) to meet global economic growth, while simultaneously reducing carbon
emissions (reaching ~36 Billion tonnes per annum by 2030 out of which ~5.4 1 Billion tonnes per
annum of is US emissions) to protect the environment.

Large-scale commercialization of Carbon Capture, Use & Storage (CCUS) is critical to
address this dual challenge:

■ Globally, a range of decarbonization & energy transition scenarios and models suggest that
   CCUS will need to play a role in abating 10-30% of emissions by 2050^2.

■ In the US, CCUS has the potential to reduce X-Y % of CO2 emissions by 2030.

■ In...",248,,,"error: ""Could not resolve authentication method. Expected one of api_key, auth_token, or credentials to be set. Or for one of the `X-Api-Key` or `Authorization` headers to be explicitly omitted"""
bp_25,51,CCUS,CCUS,1155,"...f which ~5.4 1 Billion tonnes per
annum of is US emissions) to protect the environment.

Large-scale commercialization of Carbon Capture, Use & Storage (CCUS) is critical to
address this dual challenge:

■ Globally, a range of decarbonization & energy transition scenarios and models suggest that
   CCUS will need to play a role in abating 10-30% of emissions by 2050^2.

■ In the US, CCUS has the potential to reduce X-Y % of CO2 emissions by 2030.

■ In the longer term, CCUS is required for achieving zero net carbon emissions through
   application of carbon dioxide removal (CDR) techniques such as...",249,,,"error: ""Could not resolve authentication method. Expected one of api_key, auth_token, or credentials to be set. Or for one of the `X-Api-Key` or `Authorization` headers to be explicitly omitted"""
bp_25,51,CCUS,CCUS,1241,"....

Large-scale commercialization of Carbon Capture, Use & Storage (CCUS) is critical to
address this dual challenge:

■ Globally, a range of decarbonization & energy transition scenarios and models suggest that
   CCUS will need to play a role in abating 10-30% of emissions by 2050^2.

■ In the US, CCUS has the potential to reduce X-Y % of CO2 emissions by 2030.

■ In the longer term, CCUS is required for achieving zero net carbon emissions through
   application of carbon dioxide removal (CDR) techniques such as Bio-Energy with CCS
   (BECCS) and Direct Air Capture (DAC) or other emerging technol...",250,,,"error: ""Could not resolve authentication method. Expected one of api_key, auth_token, or credentials to be set. Or for one of the `X-Api-Key` or `Authorization` headers to be explicitly omitted"""
bp_25,51,CCUS,CCUS,1329,"...address this dual challenge:

■ Globally, a range of decarbonization & energy transition scenarios and models suggest that
   CCUS will need to play a role in abating 10-30% of emissions by 2050^2.

■ In the US, CCUS has the potential to reduce X-Y % of CO2 emissions by 2030.

■ In the longer term, CCUS is required for achieving zero net carbon emissions through
   application of carbon dioxide removal (CDR) techniques such as Bio-Energy with CCS
   (BECCS) and Direct Air Capture (DAC) or other emerging technologies.

Integrating CCUS into US energy and environmental plans would deliver benefits s...",251,,,"error: ""Could not resolve authentication method. Expected one of api_key, auth_token, or credentials to be set. Or for one of the `X-Api-Key` or `Authorization` headers to be explicitly omitted"""
bp_25,51,CCUS,carbon dioxide removal,1412,"...ition scenarios and models suggest that
   CCUS will need to play a role in abating 10-30% of emissions by 2050^2.

■ In the US, CCUS has the potential to reduce X-Y % of CO2 emissions by 2030.

■ In the longer term, CCUS is required for achieving zero net carbon emissions through
   application of carbon dioxide removal (CDR) techniques such as Bio-Energy with CCS
   (BECCS) and Direct Air Capture (DAC) or other emerging technologies.

Integrating CCUS into US energy and environmental plans would deliver benefits such
as:

■ Reduced US carbon emissions well beyond what substitution by other low carbon
   alternati...",252,,,"error: ""Could not resolve authentication method. Expected one of api_key, auth_token, or credentials to be set. Or for one of the `X-Api-Key` or `Authorization` headers to be explicitly omitted"""
bp_25,51,CCUS,CDR,1436,"...ls suggest that
   CCUS will need to play a role in abating 10-30% of emissions by 2050^2.

■ In the US, CCUS has the potential to reduce X-Y % of CO2 emissions by 2030.

■ In the longer term, CCUS is required for achieving zero net carbon emissions through
   application of carbon dioxide removal (CDR) techniques such as Bio-Energy with CCS
   (BECCS) and Direct Air Capture (DAC) or other emerging technologies.

Integrating CCUS into US energy and environmental plans would deliver benefits such
as:

■ Reduced US carbon emissions well beyond what substitution by other low carbon
   alternatives a...",253,,,"error: ""Could not resolve authentication method. Expected one of api_key, auth_token, or credentials to be set. Or for one of the `X-Api-Key` or `Authorization` headers to be explicitly omitted"""
bp_25,51,CCUS,CCS,1476,"...y a role in abating 10-30% of emissions by 2050^2.

■ In the US, CCUS has the potential to reduce X-Y % of CO2 emissions by 2030.

■ In the longer term, CCUS is required for achieving zero net carbon emissions through
   application of carbon dioxide removal (CDR) techniques such as Bio-Energy with CCS
   (BECCS) and Direct Air Capture (DAC) or other emerging technologies.

Integrating CCUS into US energy and environmental plans would deliver benefits such
as:

■ Reduced US carbon emissions well beyond what substitution by other low carbon
   alternatives alone can achieve.

■ Increased usage of...",254,,,"error: ""Could not resolve authentication method. Expected one of api_key, auth_token, or credentials to be set. Or for one of the `X-Api-Key` or `Authorization` headers to be explicitly omitted"""
bp_25,51,CCUS,Direct Air Capture,1495,"...10-30% of emissions by 2050^2.

■ In the US, CCUS has the potential to reduce X-Y % of CO2 emissions by 2030.

■ In the longer term, CCUS is required for achieving zero net carbon emissions through
   application of carbon dioxide removal (CDR) techniques such as Bio-Energy with CCS
   (BECCS) and Direct Air Capture (DAC) or other emerging technologies.

Integrating CCUS into US energy and environmental plans would deliver benefits such
as:

■ Reduced US carbon emissions well beyond what substitution by other low carbon
   alternatives alone can achieve.

■ Increased usage of existing US fossil fuel resources,...",255,,,"error: ""Could not resolve authentication method. Expected one of api_key, auth_token, or credentials to be set. Or for one of the `X-Api-Key` or `Authorization` headers to be explicitly omitted"""
bp_25,51,CCUS,DAC,1515,"...by 2050^2.

■ In the US, CCUS has the potential to reduce X-Y % of CO2 emissions by 2030.

■ In the longer term, CCUS is required for achieving zero net carbon emissions through
   application of carbon dioxide removal (CDR) techniques such as Bio-Energy with CCS
   (BECCS) and Direct Air Capture (DAC) or other emerging technologies.

Integrating CCUS into US energy and environmental plans would deliver benefits such
as:

■ Reduced US carbon emissions well beyond what substitution by other low carbon
   alternatives alone can achieve.

■ Increased usage of existing US fossil fuel resources, prot...",256,,,"error: ""Could not resolve authentication method. Expected one of api_key, auth_token, or credentials to be set. Or for one of the `X-Api-Key` or `Authorization` headers to be explicitly omitted"""
bp_25,51,CCUS,CCUS,1565,"...o reduce X-Y % of CO2 emissions by 2030.

■ In the longer term, CCUS is required for achieving zero net carbon emissions through
   application of carbon dioxide removal (CDR) techniques such as Bio-Energy with CCS
   (BECCS) and Direct Air Capture (DAC) or other emerging technologies.

Integrating CCUS into US energy and environmental plans would deliver benefits such
as:

■ Reduced US carbon emissions well beyond what substitution by other low carbon
   alternatives alone can achieve.

■ Increased usage of existing US fossil fuel resources, protecting state and federal revenue
   sources and sup...",257,,,"error: ""Could not resolve authentication method. Expected one of api_key, auth_token, or credentials to be set. Or for one of the `X-Api-Key` or `Authorization` headers to be explicitly omitted"""
bp_25,51,CCUS,CCUS,1924,"...enefits such
as:

■ Reduced US carbon emissions well beyond what substitution by other low carbon
   alternatives alone can achieve.

■ Increased usage of existing US fossil fuel resources, protecting state and federal revenue
   sources and supporting the license to operate.

■ Position the US for CCUS technology leadership and associated business opportunities.

■ Potentially accelerated economic growth, job creation and exports, and enabling continued
   usage of existing infrastructure over the long-term.

1 US EIA, Annual Energy Outlook 2018 report specifies 5.2 Billion tonnes per annum of En...",258,,,"error: ""Could not resolve authentication method. Expected one of api_key, auth_token, or credentials to be set. Or for one of the `X-Api-Key` or `Authorization` headers to be explicitly omitted"""
bp_26,52,CCUS,CCUS,147,"2Q19 Highlights

Low Carbon Position
Shell has a presence in onshore and offshore wind, solar [via stake in Silicon Ranch], biofuels [via Raízen], CCUS, and hydrogen.

It has ambitions to be one of the world’s largest electricity companies.

Through corporate ventures and acquisitions Shell has made investments across the low carbon value chain, in particular in battery storage [sonnen], EV charging [Greenlots], Demand response & Virtual Power Pla...",259,,,"error: ""Could not resolve authentication method. Expected one of api_key, auth_token, or credentials to be set. Or for one of the `X-Api-Key` or `Authorization` headers to be explicitly omitted"""
bp_26,52,CCUS,CCS,1692,"...in offshore wind for the last decade, in particular in the UK, and now scaling-up operations in fixed and floating wind technology.

Carbon reduction: 3 Mmtp/a CO₂ by 2030. Reduce to below 8kg CO₂ per boe by 2030. Aim for 0.30% methane intensity. End routine flaring by 2030.

Currently has 1.7mpta CCS capacity.

Pilot projects in hydrogen, primarily on providing CCS capability.

Ryan Brooks
+44 203 683 0742
ryan.brooks@se1.bp.com

COMPETITIVE INTELLIGENCE: Alternative Energy Low Carbon

2Q19 Highlights

• Announced plan in an interview ‘to have commercial wind assets’ by early 2020.
• It announc...",260,,,"error: ""Could not resolve authentication method. Expected one of api_key, auth_token, or credentials to be set. Or for one of the `X-Api-Key` or `Authorization` headers to be explicitly omitted"""
bp_26,52,CCUS,CCS,1758,"...d now scaling-up operations in fixed and floating wind technology.

Carbon reduction: 3 Mmtp/a CO₂ by 2030. Reduce to below 8kg CO₂ per boe by 2030. Aim for 0.30% methane intensity. End routine flaring by 2030.

Currently has 1.7mpta CCS capacity.

Pilot projects in hydrogen, primarily on providing CCS capability.

Ryan Brooks
+44 203 683 0742
ryan.brooks@se1.bp.com

COMPETITIVE INTELLIGENCE: Alternative Energy Low Carbon

2Q19 Highlights

• Announced plan in an interview ‘to have commercial wind assets’ by early 2020.
• It announced a joint development agreement with CoensHexicon to develop, bui...",261,,,"error: ""Could not resolve authentication method. Expected one of api_key, auth_token, or credentials to be set. Or for one of the `X-Api-Key` or `Authorization` headers to be explicitly omitted"""
bp_26,52,CCUS,CCS,3404,"...red 60% stake.
• Merger of Direct Energie and Total Spain pushed subsidiaries to become France’s second alternative electricity supplier.
• Saft struck a deal to extend its presence in the French domestic market.
• A consortium of 11 European stakeholders, including Total, launched ‘3D’ project for CCS on an industrial scale.

Given green light to start construction on a 200MW floating wind farm near the Canary Islands; completion expected in 2024 if second Norwood project.
• Equinor and ENI opened Arkona offshore wind farm [385MW] in the Baltic Sea.
• Drax, Equinor and National Grid Venture sign...",262,,,"error: ""Could not resolve authentication method. Expected one of api_key, auth_token, or credentials to be set. Or for one of the `X-Api-Key` or `Authorization` headers to be explicitly omitted"""
bp_26,52,CCUS,CCS,7037,"...8 sustainability report including Eni's “Path to decarbonisation” highlighting the challenges in the globe. Called out its progress to reach 43% reduction of GHG emissions in 2025 compared to 2014

Low Carbon Position

Chevron has a small onshore wind portfolio, one wind farm in the US.

Outside of CCS, the only other activity is in direct air capture through a partnership with Occidental in Carbon Engineering.

Chevron has no corporate reduction target in carbon emissions but has methane reduction target of 20-25% from 2016-2023 and a flaring reduction target of 25-30% for the same timeframe.

C...",263,,,"error: ""Could not resolve authentication method. Expected one of api_key, auth_token, or credentials to be set. Or for one of the `X-Api-Key` or `Authorization` headers to be explicitly omitted"""
bp_26,52,CCUS,direct air capture,7072,"...ni's “Path to decarbonisation” highlighting the challenges in the globe. Called out its progress to reach 43% reduction of GHG emissions in 2025 compared to 2014

Low Carbon Position

Chevron has a small onshore wind portfolio, one wind farm in the US.

Outside of CCS, the only other activity is in direct air capture through a partnership with Occidental in Carbon Engineering.

Chevron has no corporate reduction target in carbon emissions but has methane reduction target of 20-25% from 2016-2023 and a flaring reduction target of 25-30% for the same timeframe.

Chevron have stated it plans to reduce overall emis...",264,,,"error: ""Could not resolve authentication method. Expected one of api_key, auth_token, or credentials to be set. Or for one of the `X-Api-Key` or `Authorization` headers to be explicitly omitted"""
bp_26,52,CCUS,CCS,7861,"...rtnered on a new cohort of Fast Charging stations in California
• EVgo has entered a revenue share agreement to bring EV fast charging capability to a select set of Chevron’s company-owned and -operated fueling stations in California

Low Carbon Position

Exxon’s focus in low carbon technologies is CCS. However, it does have research and development programs in hydrogen and biofuels.

Exxon has not committed to targets for corporate GHG emissions. It has stated targets for reducing GHG by 10% in its Oil Sands operations, methane reduction of 15% by 2020 and reducing flaring by 25% by 2020.

Exxon...",265,,,"error: ""Could not resolve authentication method. Expected one of api_key, auth_token, or credentials to be set. Or for one of the `X-Api-Key` or `Authorization` headers to be explicitly omitted"""
bp_26,52,Hydrogen,hydrogen,157,"2Q19 Highlights

Low Carbon Position
Shell has a presence in onshore and offshore wind, solar [via stake in Silicon Ranch], biofuels [via Raízen], CCUS, and hydrogen.

It has ambitions to be one of the world’s largest electricity companies.

Through corporate ventures and acquisitions Shell has made investments across the low carbon value chain, in particular in battery storage [sonnen], EV charging [Greenlots], Demand response & Virtual Power Plant [LimeJump]...",266,,,"error: ""Could not resolve authentication method. Expected one of api_key, auth_token, or credentials to be set. Or for one of the `X-Api-Key` or `Authorization` headers to be explicitly omitted"""
bp_26,52,Hydrogen,hydrogen,1725,"...cade, in particular in the UK, and now scaling-up operations in fixed and floating wind technology.

Carbon reduction: 3 Mmtp/a CO₂ by 2030. Reduce to below 8kg CO₂ per boe by 2030. Aim for 0.30% methane intensity. End routine flaring by 2030.

Currently has 1.7mpta CCS capacity.

Pilot projects in hydrogen, primarily on providing CCS capability.

Ryan Brooks
+44 203 683 0742
ryan.brooks@se1.bp.com

COMPETITIVE INTELLIGENCE: Alternative Energy Low Carbon

2Q19 Highlights

• Announced plan in an interview ‘to have commercial wind assets’ by early 2020.
• It announced a joint development agreement with...",267,,,"error: ""Could not resolve authentication method. Expected one of api_key, auth_token, or credentials to be set. Or for one of the `X-Api-Key` or `Authorization` headers to be explicitly omitted"""
bp_26,52,Hydrogen,hydrogen,3751,"...to start construction on a 200MW floating wind farm near the Canary Islands; completion expected in 2024 if second Norwood project.
• Equinor and ENI opened Arkona offshore wind farm [385MW] in the Baltic Sea.
• Drax, Equinor and National Grid Venture signed an MOU to progress plans for large scale hydrogen production and CO₂ storage in the UK.
• Carbon pricing: Relaxed €60. trigger reduces £5bn offshore exposure.
• Released Energy Perspectives 2019 report stating that only a challenging climate increases the 2 degrees achievement rate.
• Announced new steps to demonstrate its industry leadership on c...",268,,,"error: ""Could not resolve authentication method. Expected one of api_key, auth_token, or credentials to be set. Or for one of the `X-Api-Key` or `Authorization` headers to be explicitly omitted"""
bp_26,52,Hydrogen,hydrogen,6516,"...bon sinks and circular economy businesses.

It plans to conserve forestation in Africa establishing partnerships to slash more than 20 mtpa of CO2e by 2030.

2Q19 Highlights

• Eni and Sonangol created a JV targeting 800MW of renewable capacity in Angola by 2025
• Toyota and Eni partnered to expand hydrogen transport
• Eni and Maine Tecnont to introduce non-recyclable waste into hydrogen and methanol technology
• Eni and Synhelion teamed up to produce low emission fuels using renewable energy
• Eni published its 2018 sustainability report including Eni's “Path to decarbonisation” highlighting the chal...",269,,,"error: ""Could not resolve authentication method. Expected one of api_key, auth_token, or credentials to be set. Or for one of the `X-Api-Key` or `Authorization` headers to be explicitly omitted"""
bp_26,52,Hydrogen,hydrogen,6598,"...rica establishing partnerships to slash more than 20 mtpa of CO2e by 2030.

2Q19 Highlights

• Eni and Sonangol created a JV targeting 800MW of renewable capacity in Angola by 2025
• Toyota and Eni partnered to expand hydrogen transport
• Eni and Maine Tecnont to introduce non-recyclable waste into hydrogen and methanol technology
• Eni and Synhelion teamed up to produce low emission fuels using renewable energy
• Eni published its 2018 sustainability report including Eni's “Path to decarbonisation” highlighting the challenges in the globe. Called out its progress to reach 43% reduction of GHG emissio...",270,,,"error: ""Could not resolve authentication method. Expected one of api_key, auth_token, or credentials to be set. Or for one of the `X-Api-Key` or `Authorization` headers to be explicitly omitted"""
bp_26,52,Hydrogen,hydrogen,7925,"...• EVgo has entered a revenue share agreement to bring EV fast charging capability to a select set of Chevron’s company-owned and -operated fueling stations in California

Low Carbon Position

Exxon’s focus in low carbon technologies is CCS. However, it does have research and development programs in hydrogen and biofuels.

Exxon has not committed to targets for corporate GHG emissions. It has stated targets for reducing GHG by 10% in its Oil Sands operations, methane reduction of 15% by 2020 and reducing flaring by 25% by 2020.

Exxon has also stated it will look to reduce the carbon intensity of its h...",271,,,"error: ""Could not resolve authentication method. Expected one of api_key, auth_token, or credentials to be set. Or for one of the `X-Api-Key` or `Authorization` headers to be explicitly omitted"""
bp_26,52,Hydrogen,hydrogen,10022,"...ck and pet feeds
• StoreDot and strategic partner BP 
 presented world-first full charge of an 
electric vehicle in five minutes
• Lightsource BP made several moves in 
 the UK and North America whilst 
 expanding its presence in Brazil
• BP teamed up with Nouryon to 
 create Europe’s largest green hydrogen 
 production facility (250MW electrolysis) at
 a refinery in Rotterdam
• BP joined the Hydrogen Council, an 
 industry initiative that has a long-term 
 ambition for hydrogen to foster the energy 
 transition",272,,,"error: ""Could not resolve authentication method. Expected one of api_key, auth_token, or credentials to be set. Or for one of the `X-Api-Key` or `Authorization` headers to be explicitly omitted"""
bp_26,52,Hydrogen,Hydrogen,10118,"...electric vehicle in five minutes
• Lightsource BP made several moves in 
 the UK and North America whilst 
 expanding its presence in Brazil
• BP teamed up with Nouryon to 
 create Europe’s largest green hydrogen 
 production facility (250MW electrolysis) at
 a refinery in Rotterdam
• BP joined the Hydrogen Council, an 
 industry initiative that has a long-term 
 ambition for hydrogen to foster the energy 
 transition",273,,,"error: ""Could not resolve authentication method. Expected one of api_key, auth_token, or credentials to be set. Or for one of the `X-Api-Key` or `Authorization` headers to be explicitly omitted"""
bp_26,52,Hydrogen,hydrogen,10197,"...K and North America whilst 
 expanding its presence in Brazil
• BP teamed up with Nouryon to 
 create Europe’s largest green hydrogen 
 production facility (250MW electrolysis) at
 a refinery in Rotterdam
• BP joined the Hydrogen Council, an 
 industry initiative that has a long-term 
 ambition for hydrogen to foster the energy 
 transition",274,,,"error: ""Could not resolve authentication method. Expected one of api_key, auth_token, or credentials to be set. Or for one of the `X-Api-Key` or `Authorization` headers to be explicitly omitted"""
bp_27,53,CCUS,CCS,1096,"...uncan and he will suggest 1 small edit to the second par. statement
about natural gas so it is not characterized as a “bridge” only. For sure the bridge is very long in any event, but it is
conceivable that gas could even serve as a destination fuel to back up intermittent renewables (possibly with CCS) in the
much longer term. We would not want to spell all this out, but also not implicitly concede the point by referring to it
mainly as a “bridge.”

Bob Stout
Robert L. Stout, Jr.
Vice President & Head of Regulatory Affairs
BP America Communications & External Affairs

1101 New York Avenue NW
Was...",275,,,"error: ""Could not resolve authentication method. Expected one of api_key, auth_token, or credentials to be set. Or for one of the `X-Api-Key` or `Authorization` headers to be explicitly omitted"""
bp_7,70,CCUS,CCUS,3912,"...n sinks. It is easy to be disheartened by the lack of international progress against contributions to the Paris Goals; but
then again CMI is clear that solutions exist and that with political and corporate will these can be delivered.

Personally I was most struck by the criticality at this time of CCUS. If O&G companies do not capitalise on the
opportunities presented by 45Q in the USA and projects like those in Rotterdam and Teeside in the EU, then
the energy transition will be more difficult and our role marginalised.

All the best

David Eyton
Telephone: ███████████████████
BP plc, 1 St James'...",276,,,"error: ""Could not resolve authentication method. Expected one of api_key, auth_token, or credentials to be set. Or for one of the `X-Api-Key` or `Authorization` headers to be explicitly omitted"""
bp_9,72,CCUS,CCS,1343,"...re and supply chains.

1.1.2 Much has changed and is changing

• Low-carbon energy is arriving unevenly: wind, solar, and vehicle fuel efficiency are being realized at a one-wedge pace, (scaled up to reduce emissions by at least 1 billion tons of carbon per year over 50 years) while hydrogen power, CCS and nuclear power are faltering. Wind, solar, and vehicle fuel efficiency have developed to the point where they are now being effectively scaled up.
• Innovation in the energy sector has been dramatically affected by the arrival of shale gas and oil and low energy prices. • In climate science new...",277,,,"error: ""Could not resolve authentication method. Expected one of api_key, auth_token, or credentials to be set. Or for one of the `X-Api-Key` or `Authorization` headers to be explicitly omitted"""
bp_9,72,CCUS,CCS,5298,"...Research suggests that natural gas causes less warming than coal, provided methane leakage is well managed. For example the peer reviewed EDF analysis of the Barnet, reports a highly skewed distribution of emissions, with 10% of well sites accounting for 70% of emissions.

CO₂ capture and storage (CCS):

• CCS creates the option of low-carbon fossil fuel energy.

• CO₂ from coal or natural gas power plants can be captured chemically and stored in geological formations for hundreds of years in volumes that are material to climate change mitigation.

• Models indicate that buoyancy-driven leakage...",278,,,"error: ""Could not resolve authentication method. Expected one of api_key, auth_token, or credentials to be set. Or for one of the `X-Api-Key` or `Authorization` headers to be explicitly omitted"""
bp_9,72,CCUS,CCS,5307,"...suggests that natural gas causes less warming than coal, provided methane leakage is well managed. For example the peer reviewed EDF analysis of the Barnet, reports a highly skewed distribution of emissions, with 10% of well sites accounting for 70% of emissions.

CO₂ capture and storage (CCS):

• CCS creates the option of low-carbon fossil fuel energy.

• CO₂ from coal or natural gas power plants can be captured chemically and stored in geological formations for hundreds of years in volumes that are material to climate change mitigation.

• Models indicate that buoyancy-driven leakage along old...",279,,,"error: ""Could not resolve authentication method. Expected one of api_key, auth_token, or credentials to be set. Or for one of the `X-Api-Key` or `Authorization` headers to be explicitly omitted"""
bp_9,72,CCUS,CCS,9128,"...t. $100/tCO₂ is:
    • $0.80/U.S. gallon of gasoline
    • $0.08/kWh electricity from coal
    • $0.04/kWh electricity from natural gas

2. CMI recommendations to the Oil and Gas industry

2.1 CMI Recommendation #1

Address your core activities;
  • Upstream CO₂: Lead in curtailing flaring, promote CCS where gas is processed, redesign EOR for when CO₂ storage becomes a revenue stream.
  • Upstream fugitive CH₄: Demonstrate best practices – minimal release, fast response to carelessness. Beyond safety.
  • Gas for coal: Work out the limits on how much and how fast, e.g., to restrain the juggernaut...",280,,,"error: ""Could not resolve authentication method. Expected one of api_key, auth_token, or credentials to be set. Or for one of the `X-Api-Key` or `Authorization` headers to be explicitly omitted"""
bp_9,72,CCUS,CCS,10078,"...amp that is credible?
• Identify yourselves with carbon efficiency. Examples:
  o When bringing gas to new cities, assure efficient buildings/appliances.
  o Help your industrial and power-plant customer to use your fuel efficiently (the customer’s side of the meter).
• Understand the potential for CCS to enable the full use of fossil fuels across the energy transition and beyond.",281,,,"error: ""Could not resolve authentication method. Expected one of api_key, auth_token, or credentials to be set. Or for one of the `X-Api-Key` or `Authorization` headers to be explicitly omitted"""
bp_9,72,Hydrogen,hydrogen,1327,"...ion infrastructure and supply chains.

1.1.2 Much has changed and is changing

• Low-carbon energy is arriving unevenly: wind, solar, and vehicle fuel efficiency are being realized at a one-wedge pace, (scaled up to reduce emissions by at least 1 billion tons of carbon per year over 50 years) while hydrogen power, CCS and nuclear power are faltering. Wind, solar, and vehicle fuel efficiency have developed to the point where they are now being effectively scaled up.
• Innovation in the energy sector has been dramatically affected by the arrival of shale gas and oil and low energy prices. • In climate s...",282,,,"error: ""Could not resolve authentication method. Expected one of api_key, auth_token, or credentials to be set. Or for one of the `X-Api-Key` or `Authorization` headers to be explicitly omitted"""
chevron_21,86,CCUS,CDR,9256,"...lation and Enforcement
BOP Blowout Preventer
BOPD Barrels of Oil per Day
BCFSD Billions of standard cubic feet of natural gas
per day
BTU British Thermal unit
BSEE Bureau of Safety & Environmental Enforcement
BWPD Barrels of Water per Day
CAA Clean Air Act (U.S.)
CAFE Corporate Average Fuel Economy
CDR Compounded Annual Defined Rate
CAGR Compounded Annual Growth Rate
CAEX Exploration Capital and Exploratory
Expenditures
CARB California Air Resources Board
CCM Cost Control Mechanisms
CCPS Center for Chemical Process Safety
CD&A Compensation Discussion and Analysis
CDP Carbon Disclosure Project
CEI...",283,,,"error: ""Could not resolve authentication method. Expected one of api_key, auth_token, or credentials to be set. Or for one of the `X-Api-Key` or `Authorization` headers to be explicitly omitted"""
chevron_28,93,Hydrogen,hydrogen,841,"...ead of schedule and under budget, achieving startup at the cracker and polyethylene units in June. The project is operating at ~70% design capacity, with intent to reach 100% capacity this quarter.

Lower Carbon
We signed a memorandum of understanding with Cummins to explore a strategic alliance on hydrogen. Priorities include enabling the commercial development of hydrogen production, transportation, and delivery systems at scale for industrial and commercial markets. This builds on other recent hydrogen partnerships aimed at developing a large-scale, low-carbon hydrogen business.

Board Business
Nex...",284,,,"error: ""Could not resolve authentication method. Expected one of api_key, auth_token, or credentials to be set. Or for one of the `X-Api-Key` or `Authorization` headers to be explicitly omitted"""
chevron_28,93,Hydrogen,hydrogen,909,"...nd polyethylene units in June. The project is operating at ~70% design capacity, with intent to reach 100% capacity this quarter.

Lower Carbon
We signed a memorandum of understanding with Cummins to explore a strategic alliance on hydrogen. Priorities include enabling the commercial development of hydrogen production, transportation, and delivery systems at scale for industrial and commercial markets. This builds on other recent hydrogen partnerships aimed at developing a large-scale, low-carbon hydrogen business.

Board Business
Next week at our face-to-face meeting in Rutherford, we'll have a chanc...",285,,,"error: ""Could not resolve authentication method. Expected one of api_key, auth_token, or credentials to be set. Or for one of the `X-Api-Key` or `Authorization` headers to be explicitly omitted"""
chevron_28,93,Hydrogen,hydrogen,1043,"...er Carbon
We signed a memorandum of understanding with Cummins to explore a strategic alliance on hydrogen. Priorities include enabling the commercial development of hydrogen production, transportation, and delivery systems at scale for industrial and commercial markets. This builds on other recent hydrogen partnerships aimed at developing a large-scale, low-carbon hydrogen business.

Board Business
Next week at our face-to-face meeting in Rutherford, we'll have a chance to reunite and reconnect over dinner Monday evening. At dinner I’ll provide an overview of a full and substantive agenda.

---------...",286,,,"error: ""Could not resolve authentication method. Expected one of api_key, auth_token, or credentials to be set. Or for one of the `X-Api-Key` or `Authorization` headers to be explicitly omitted"""
chevron_28,93,Hydrogen,hydrogen,1111,"...plore a strategic alliance on hydrogen. Priorities include enabling the commercial development of hydrogen production, transportation, and delivery systems at scale for industrial and commercial markets. This builds on other recent hydrogen partnerships aimed at developing a large-scale, low-carbon hydrogen business.

Board Business
Next week at our face-to-face meeting in Rutherford, we'll have a chance to reunite and reconnect over dinner Monday evening. At dinner I’ll provide an overview of a full and substantive agenda.

----------------------------------------------------------------------------...",287,,,"error: ""Could not resolve authentication method. Expected one of api_key, auth_token, or credentials to be set. Or for one of the `X-Api-Key` or `Authorization` headers to be explicitly omitted"""
chevron_38,104,CCUS,Direct air capture,5582,"...-free advanced cooling
Advanced batteries
Next-generation biofuels
CO₂ capture from cement
Hydrogen-based steel
Small modular reactors
Synthetic liquid fuels
Electrolytic hydrogen for ammonia

Behaviour 4%

Under development 46%

In the market 50%

Autonomous trucks
Optimised heat pump with storage
Direct air capture
Ammonia-powered ships
Electrolytic hydrogen for methanol
Building-integrated storage
Electric steam crackers

In a net-zero energy system, almost half of all emissions reductions by 2050 will come from technologies not yet commercially available at scale.

Source: IEA
13

COL UMBIA SIPA
Center on G...",288,,,"error: ""Could not resolve authentication method. Expected one of api_key, auth_token, or credentials to be set. Or for one of the `X-Api-Key` or `Authorization` headers to be explicitly omitted"""
chevron_38,104,CCUS,DAC,8789,"...ities for long-term decarbonization

Low-carbon technologies, fit with existing operations

Relative size of value pools, illustrative

High

Attractiveness (spread over cost of capital)

Voluntary carbon markets

Energy services

Storage solutions

Transmission and distribution

Solar
EV charging

DAC

Less good fit

Renewable power
Electrification (EV infrastructure)
Biofuels
Hydrogen
Carbon capture, utilization, and storage (CCUS)
Voluntary carbon markets

Better fit with existing oil and gas operations

Wind

Hydrogen

Biofuels

BECCS

CCUS in power or industry

Nuclear

O&G competitive posit...",289,,,"error: ""Could not resolve authentication method. Expected one of api_key, auth_token, or credentials to be set. Or for one of the `X-Api-Key` or `Authorization` headers to be explicitly omitted"""
chevron_38,104,CCUS,"Carbon capture, utilization, and storage",8879,"...Relative size of value pools, illustrative

High

Attractiveness (spread over cost of capital)

Voluntary carbon markets

Energy services

Storage solutions

Transmission and distribution

Solar
EV charging

DAC

Less good fit

Renewable power
Electrification (EV infrastructure)
Biofuels
Hydrogen
Carbon capture, utilization, and storage (CCUS)
Voluntary carbon markets

Better fit with existing oil and gas operations

Wind

Hydrogen

Biofuels

BECCS

CCUS in power or industry

Nuclear

O&G competitive positioning Better fit

Supplying today’s energy while preparing for a messy, disruptive, and volatile resolution of the ambition-re...",290,,,"error: ""Could not resolve authentication method. Expected one of api_key, auth_token, or credentials to be set. Or for one of the `X-Api-Key` or `Authorization` headers to be explicitly omitted"""
chevron_38,104,CCUS,CCUS,8921,"...ve

High

Attractiveness (spread over cost of capital)

Voluntary carbon markets

Energy services

Storage solutions

Transmission and distribution

Solar
EV charging

DAC

Less good fit

Renewable power
Electrification (EV infrastructure)
Biofuels
Hydrogen
Carbon capture, utilization, and storage (CCUS)
Voluntary carbon markets

Better fit with existing oil and gas operations

Wind

Hydrogen

Biofuels

BECCS

CCUS in power or industry

Nuclear

O&G competitive positioning Better fit

Supplying today’s energy while preparing for a messy, disruptive, and volatile resolution of the ambition-reality...",291,,,"error: ""Could not resolve authentication method. Expected one of api_key, auth_token, or credentials to be set. Or for one of the `X-Api-Key` or `Authorization` headers to be explicitly omitted"""
chevron_38,104,CCUS,CCUS,9035,"...ns

Transmission and distribution

Solar
EV charging

DAC

Less good fit

Renewable power
Electrification (EV infrastructure)
Biofuels
Hydrogen
Carbon capture, utilization, and storage (CCUS)
Voluntary carbon markets

Better fit with existing oil and gas operations

Wind

Hydrogen

Biofuels

BECCS

CCUS in power or industry

Nuclear

O&G competitive positioning Better fit

Supplying today’s energy while preparing for a messy, disruptive, and volatile resolution of the ambition-reality gap.

COLUMBIA | SIPA
Center on Global Energy Policy



 Thank You | COLUMBIA SIPA
Center on Global Energy Policy...",292,,,"error: ""Could not resolve authentication method. Expected one of api_key, auth_token, or credentials to be set. Or for one of the `X-Api-Key` or `Authorization` headers to be explicitly omitted"""
chevron_38,104,Hydrogen,hydrogen,4405,"...ngs are zero-carbon-ready

More than 90% of heavy industrial production is low-emissions

Almost 70% of electricity generation globally from solar PV and wind

Source: IEA

No new oil and gas fields approved for development; no new coal mines or mine extensions

4 Gt CO2 captured

150 Mt low-carbon hydrogen 850 GW electrolysers

435 Mt low-carbon hydrogen 3,000 GW electrolysers

7.6 Gt CO2 captured

Electricity and heat
Industry
Transport
Buildings
Other

COLUMBIA | SIPA
Center on Global Energy Policy The ambition-reality gap is enormous

Global CO₂ emissions (Gt) Global oil demand (mb/d) Global gas d...",293,,,"error: ""Could not resolve authentication method. Expected one of api_key, auth_token, or credentials to be set. Or for one of the `X-Api-Key` or `Authorization` headers to be explicitly omitted"""
chevron_38,104,Hydrogen,hydrogen,4454,"...industrial production is low-emissions

Almost 70% of electricity generation globally from solar PV and wind

Source: IEA

No new oil and gas fields approved for development; no new coal mines or mine extensions

4 Gt CO2 captured

150 Mt low-carbon hydrogen 850 GW electrolysers

435 Mt low-carbon hydrogen 3,000 GW electrolysers

7.6 Gt CO2 captured

Electricity and heat
Industry
Transport
Buildings
Other

COLUMBIA | SIPA
Center on Global Energy Policy The ambition-reality gap is enormous

Global CO₂ emissions (Gt) Global oil demand (mb/d) Global gas demand (bcm)

Source: IEA

COLUMBIA | SIPA
Center...",294,,,"error: ""Could not resolve authentication method. Expected one of api_key, auth_token, or credentials to be set. Or for one of the `X-Api-Key` or `Authorization` headers to be explicitly omitted"""
chevron_38,104,Hydrogen,Hydrogen,5373,"...s to 
keep the world oil markets 
adequately supplied.”

IEA

Columbia SIPA
Center on Global Energy Policy More innovation is needed to achieve net-zero

CO₂ savings by technology maturity in 2050

Refrigerant-free advanced cooling
Advanced batteries
Next-generation biofuels
CO₂ capture from cement
Hydrogen-based steel
Small modular reactors
Synthetic liquid fuels
Electrolytic hydrogen for ammonia

Behaviour 4%

Under development 46%

In the market 50%

Autonomous trucks
Optimised heat pump with storage
Direct air capture
Ammonia-powered ships
Electrolytic hydrogen for methanol
Building-integrated sto...",295,,,"error: ""Could not resolve authentication method. Expected one of api_key, auth_token, or credentials to be set. Or for one of the `X-Api-Key` or `Authorization` headers to be explicitly omitted"""
chevron_38,104,Hydrogen,hydrogen,5453,"...er on Global Energy Policy More innovation is needed to achieve net-zero

CO₂ savings by technology maturity in 2050

Refrigerant-free advanced cooling
Advanced batteries
Next-generation biofuels
CO₂ capture from cement
Hydrogen-based steel
Small modular reactors
Synthetic liquid fuels
Electrolytic hydrogen for ammonia

Behaviour 4%

Under development 46%

In the market 50%

Autonomous trucks
Optimised heat pump with storage
Direct air capture
Ammonia-powered ships
Electrolytic hydrogen for methanol
Building-integrated storage
Electric steam crackers

In a net-zero energy system, almost half of all em...",296,,,"error: ""Could not resolve authentication method. Expected one of api_key, auth_token, or credentials to be set. Or for one of the `X-Api-Key` or `Authorization` headers to be explicitly omitted"""
chevron_38,104,Hydrogen,ammonia,5466,"...Energy Policy More innovation is needed to achieve net-zero

CO₂ savings by technology maturity in 2050

Refrigerant-free advanced cooling
Advanced batteries
Next-generation biofuels
CO₂ capture from cement
Hydrogen-based steel
Small modular reactors
Synthetic liquid fuels
Electrolytic hydrogen for ammonia

Behaviour 4%

Under development 46%

In the market 50%

Autonomous trucks
Optimised heat pump with storage
Direct air capture
Ammonia-powered ships
Electrolytic hydrogen for methanol
Building-integrated storage
Electric steam crackers

In a net-zero energy system, almost half of all emissions redu...",297,,,"error: ""Could not resolve authentication method. Expected one of api_key, auth_token, or credentials to be set. Or for one of the `X-Api-Key` or `Authorization` headers to be explicitly omitted"""
chevron_38,104,Hydrogen,Ammonia,5601,"...ing
Advanced batteries
Next-generation biofuels
CO₂ capture from cement
Hydrogen-based steel
Small modular reactors
Synthetic liquid fuels
Electrolytic hydrogen for ammonia

Behaviour 4%

Under development 46%

In the market 50%

Autonomous trucks
Optimised heat pump with storage
Direct air capture
Ammonia-powered ships
Electrolytic hydrogen for methanol
Building-integrated storage
Electric steam crackers

In a net-zero energy system, almost half of all emissions reductions by 2050 will come from technologies not yet commercially available at scale.

Source: IEA
13

COL UMBIA SIPA
Center on Global En...",298,,,"error: ""Could not resolve authentication method. Expected one of api_key, auth_token, or credentials to be set. Or for one of the `X-Api-Key` or `Authorization` headers to be explicitly omitted"""
chevron_38,104,Hydrogen,hydrogen,5636,"...ion biofuels
CO₂ capture from cement
Hydrogen-based steel
Small modular reactors
Synthetic liquid fuels
Electrolytic hydrogen for ammonia

Behaviour 4%

Under development 46%

In the market 50%

Autonomous trucks
Optimised heat pump with storage
Direct air capture
Ammonia-powered ships
Electrolytic hydrogen for methanol
Building-integrated storage
Electric steam crackers

In a net-zero energy system, almost half of all emissions reductions by 2050 will come from technologies not yet commercially available at scale.

Source: IEA
13

COL UMBIA SIPA
Center on Global Energy Policy More policy is needed to...",299,,,"error: ""Could not resolve authentication method. Expected one of api_key, auth_token, or credentials to be set. Or for one of the `X-Api-Key` or `Authorization` headers to be explicitly omitted"""
chevron_38,104,Hydrogen,Hydrogen,8870,"...perations

Relative size of value pools, illustrative

High

Attractiveness (spread over cost of capital)

Voluntary carbon markets

Energy services

Storage solutions

Transmission and distribution

Solar
EV charging

DAC

Less good fit

Renewable power
Electrification (EV infrastructure)
Biofuels
Hydrogen
Carbon capture, utilization, and storage (CCUS)
Voluntary carbon markets

Better fit with existing oil and gas operations

Wind

Hydrogen

Biofuels

BECCS

CCUS in power or industry

Nuclear

O&G competitive positioning Better fit

Supplying today’s energy while preparing for a messy, disruptive, a...",300,,,"error: ""Could not resolve authentication method. Expected one of api_key, auth_token, or credentials to be set. Or for one of the `X-Api-Key` or `Authorization` headers to be explicitly omitted"""
chevron_38,104,Hydrogen,Hydrogen,9008,"...y services

Storage solutions

Transmission and distribution

Solar
EV charging

DAC

Less good fit

Renewable power
Electrification (EV infrastructure)
Biofuels
Hydrogen
Carbon capture, utilization, and storage (CCUS)
Voluntary carbon markets

Better fit with existing oil and gas operations

Wind

Hydrogen

Biofuels

BECCS

CCUS in power or industry

Nuclear

O&G competitive positioning Better fit

Supplying today’s energy while preparing for a messy, disruptive, and volatile resolution of the ambition-reality gap.

COLUMBIA | SIPA
Center on Global Energy Policy



 Thank You | COLUMBIA SIPA
Center o...",301,,,"error: ""Could not resolve authentication method. Expected one of api_key, auth_token, or credentials to be set. Or for one of the `X-Api-Key` or `Authorization` headers to be explicitly omitted"""
chevron_39,105,CCUS,CCS,9216,"...ed sufficient data to forecast the amount

30% by 2030
Net zero by 2050 ²

█

Net zero ⁴ by 2050

57

50% by 2050

69

60% by 2050

63

© 2021 Chevron
Privileged, Confidential & Restricted

Board of Directors – July 2021

17 LTIPs diverge on renewable power
Similar for renewable fuels, hydrogen and CCS

Renewable power ambitions | Integrate into operations | Trading focused
>560 TWh ¹ | Aggressive growth
20 – 50 GW ² | Sustained growth
35 GW ³
Renewable fuels | 100 MBD
(by 2030) | ~7 MBD purchase
agreement for 2022 | 8x growth target | 100 MBD target
(by 2030) | 300 MBD target
(by 2030)
Shared am...",302,,,"error: ""Could not resolve authentication method. Expected one of api_key, auth_token, or credentials to be set. Or for one of the `X-Api-Key` or `Authorization` headers to be explicitly omitted"""
chevron_39,105,CCUS,CCS,9529,"...e power ambitions | Integrate into operations | Trading focused
>560 TWh ¹ | Aggressive growth
20 – 50 GW ² | Sustained growth
35 GW ³
Renewable fuels | 100 MBD
(by 2030) | ~7 MBD purchase
agreement for 2022 | 8x growth target | 100 MBD target
(by 2030) | 300 MBD target
(by 2030)
Shared ambitions | CCS | 25 MMTPA
(by 2030) | Gulf Coast storage
concept (50 MMTPA) | 25 MMTPA by 2035 | 7 MMTPA proposed
projects | 3 - 5 MMTPA by 2030
| H₂ | 150 KTPA
(by 2030) | R&D | Double-digit share global clean H₂ sales ⁴ | 10% share in core markets ⁵ | JV with Engie for green H₂
Nature based offsets | $30 MM p.a...",303,,,"error: ""Could not resolve authentication method. Expected one of api_key, auth_token, or credentials to be set. Or for one of the `X-Api-Key` or `Authorization` headers to be explicitly omitted"""
chevron_39,105,CCUS,CCS,10027,"...n H₂ sales ⁴ | 10% share in core markets ⁵ | JV with Engie for green H₂
Nature based offsets | $30 MM p.a.
(by 2030) | — | Invest ~$100 MM p.a.
120 MMTPA ⁶ credits | Majority stake in offset firm
Finite Carbon | Invest ~$100 MM p.a.
>5 MMTPA ⁶ natural sinks
Lower carbon annual capex | Biofuels, H₂, CCS & other | █████████████████████████████████
█████████████████ Redacted – Business
Confidential (competitive financial information)
~$0.6B | ~$2B | ~$1B | <$1B
Renewable power ⁷ | | — | ~$2B | ~$4B | ~$3B | ~$2B ⁸
5. By 2030
7. Includes investment in MACC projects
8. Combined with other power invest...",304,,,"error: ""Could not resolve authentication method. Expected one of api_key, auth_token, or credentials to be set. Or for one of the `X-Api-Key` or `Authorization` headers to be explicitly omitted"""
chevron_39,105,CCUS,CCUS,11258,"...business

Competitors retreating

Consolidation will continue

Continue to invest
Deliver higher returns
and lower carbon

© 2021 Chevron
Privileged, Confidential & Restricted

New energy business

Competitors diversifying into
renewable power now

Competitors moving into
renewable fuels, hydrogen, CCUS

Chevron’s strategy

Target hard-to-abate demand
Build upon assets, capabilities,
and customers

Chevron
Board of Directors — July 2021
20 Portfolio strategy

1 Improving returns and reducing carbon intensity
 of traditional business

2 Investing to grow profitable new energy business

3 Combinatio...",305,,,"error: ""Could not resolve authentication method. Expected one of api_key, auth_token, or credentials to be set. Or for one of the `X-Api-Key` or `Authorization` headers to be explicitly omitted"""
chevron_39,105,CCUS,Carbon capture,16738,"...50 60 70 80 90
MMBD

Board of Directors – July 2021

25 Chevron new energy business
Our strategy

Target hard-to-abate 
demand
Heavy-duty transport
Aviation
Industry

Build upon assets, 
capabilities and customers
U.S. West Coast
U.S. Gulf Coast
Asia Pacific

Business lines
Renewable fuels
Hydrogen
Carbon capture and offsets

© 2021 Chevron Privileged, Confidential & Restricted
Board of Directors – July 2021 26 Renewable fuels: Leverage footprint and policy

Renewable natural gas (RNG) U.S. Renewable diesel (RD) USWC, extend to U.S. Sustainable aviation fuel (SAF) Global

Policy enablement

Low carbon and r...",306,,,"error: ""Could not resolve authentication method. Expected one of api_key, auth_token, or credentials to be set. Or for one of the `X-Api-Key` or `Authorization` headers to be explicitly omitted"""
chevron_39,105,CCUS,Carbon capture,19807,"...hevron

Privileged, Confidential & Restricted

Board of Directors – July 2021 
30

TOYOTA

CATERPILLAR

JERA

GS Caltex Rapid hydrogen growth next decade

Hydrogen value chain

Sources 			Conversion and storage 			End use
Solar & wind 		Electrolysis				█████████████████████████████████
Natural gas		Carbon capture				█████████████████████████████████

█████████████████████████████████████████████████████████████████████████
███ Redacted – Business Confidential (competitive financial information) ███
█████████████████████████████████████████████████████████████████████████

1. Assumes Chevron at 50% working i...",307,,,"error: ""Could not resolve authentication method. Expected one of api_key, auth_token, or credentials to be set. Or for one of the `X-Api-Key` or `Authorization` headers to be explicitly omitted"""
chevron_39,105,CCUS,CCS,20221,"...████████████
███ Redacted – Business Confidential (competitive financial information) ███
█████████████████████████████████████████████████████████████████████████

1. Assumes Chevron at 50% working interest
© 2021 Chevron			Privileged, Confidential & Restricted

Board of Directors – July 2021			31 CCS: builds on subsurface capability

U.S.

Policy enablement

CA - Low Carbon Fuel Standard + Cap & Trade
US - 45Q Credit and Carbon price (future)

Targeted demand

Clusters of emitters (e.g., power, chemicals, other heavy industry) near storage reservoirs

Supply

Storage in U.S. Gulf Coast
Central...",308,,,"error: ""Could not resolve authentication method. Expected one of api_key, auth_token, or credentials to be set. Or for one of the `X-Api-Key` or `Authorization` headers to be explicitly omitted"""
chevron_39,105,CCUS,CCS,20886,"...Chevron

Privileged, Confidential & Restricted

Global

Singapore – Carbon tax
S. Korea, Japan – Carbon price (future)

Clusters of emitters near storage reservoirs

Storage in Yellow Sea, near Sumatra, and near developed Middle East

Relationships in origination

Board of Directors – July 2021 32 CCS hubs delivering growth next decade

CCS value chain

Capture Transport Injection and storage

██████████████████████████████████████████████████████████████████████████
████████████ Redacted – Business Confidential (competitive financial information) ███████████

1. Assumes Chevron at 50% working i...",309,,,"error: ""Could not resolve authentication method. Expected one of api_key, auth_token, or credentials to be set. Or for one of the `X-Api-Key` or `Authorization` headers to be explicitly omitted"""
chevron_39,105,CCUS,CCS,20926,"...tricted

Global

Singapore – Carbon tax
S. Korea, Japan – Carbon price (future)

Clusters of emitters near storage reservoirs

Storage in Yellow Sea, near Sumatra, and near developed Middle East

Relationships in origination

Board of Directors – July 2021 32 CCS hubs delivering growth next decade

CCS value chain

Capture Transport Injection and storage

██████████████████████████████████████████████████████████████████████████
████████████ Redacted – Business Confidential (competitive financial information) ███████████

1. Assumes Chevron at 50% working interest
© 2021 Chevron

CCS hub projects...",310,,,"error: ""Could not resolve authentication method. Expected one of api_key, auth_token, or credentials to be set. Or for one of the `X-Api-Key` or `Authorization` headers to be explicitly omitted"""
chevron_39,105,CCUS,CCS,21213,"...next decade

CCS value chain

Capture Transport Injection and storage

██████████████████████████████████████████████████████████████████████████
████████████ Redacted – Business Confidential (competitive financial information) ███████████

1. Assumes Chevron at 50% working interest
© 2021 Chevron

CCS hub projects

██████████████████████████████████████████████████████████████████████
███████████████████ Redacted – Business Confidential (competitively sensitive internal projections) ████████████████████



Privileged, Confidential & Restricted
Board of Directors – July 2021 33 Carbon offsets: ev...",311,,,"error: ""Could not resolve authentication method. Expected one of api_key, auth_token, or credentials to be set. Or for one of the `X-Api-Key` or `Authorization` headers to be explicitly omitted"""
chevron_39,105,CCUS,carbon storage,21751,"...& Restricted
Board of Directors – July 2021 33 Carbon offsets: evolve from compliance to commercial

Global

Net zero ambitions creating opportunities
Build on present trading activity

Customers voluntarily reducing carbon footprint
Pairing with crude, diesel, jet fuel and LNG

Nature-based – soil carbon storage,
reforestation and mangrove restoration

Build on existing customer relationships
Developing partnerships to source supply

© 2021 Chevron Privileged, Confidential & Restricted Board of Directors – July 2021 34

BNSF RAILWAY allegiant PAVILION ENERGY GRASSROOTS HARTREE CARBON

Market enablement

Ta...",312,,,"error: ""Could not resolve authentication method. Expected one of api_key, auth_token, or credentials to be set. Or for one of the `X-Api-Key` or `Authorization` headers to be explicitly omitted"""
chevron_39,105,CCUS,Carbon capture,22887,"...2040
Capital
Redacted – Business Confidential (competitively sensitive internal projections)
Note: Graphs are based on aspirational business plans projections.

$B/yr
10
8
6
4
2
0
2019	2025	2030	2040
Operating cash flow
Redacted – Business Confidential (competitively sensitive internal projections)
Carbon capture and offsets
Hydrogen and renewable power
Renewable fuels Advancing a lower carbon future

New energies	Enabling CO₂ reductions
		(MMTPA by 2030)
Renewable fuels	15-24
Hydrogen	~ 1
CCS and offsets	25
Total ¹	~ 40-50

¹. Forecast range encompasses analysis using both Scope 3 approach and life cycle a...",313,,,"error: ""Could not resolve authentication method. Expected one of api_key, auth_token, or credentials to be set. Or for one of the `X-Api-Key` or `Authorization` headers to be explicitly omitted"""
chevron_39,105,CCUS,CCS,23082,"...2040
Operating cash flow
Redacted – Business Confidential (competitively sensitive internal projections)
Carbon capture and offsets
Hydrogen and renewable power
Renewable fuels Advancing a lower carbon future

New energies	Enabling CO₂ reductions
		(MMTPA by 2030)
Renewable fuels	15-24
Hydrogen	~ 1
CCS and offsets	25
Total ¹	~ 40-50

¹. Forecast range encompasses analysis using both Scope 3 approach and life cycle analysis approach. Finalization subject to methodology choice.

© 2021 Chevron
Privileged, Confidential & Restricted

Board of Directors – July 2021	37 Energy Transition Spotlight
Inves...",314,,,"error: ""Could not resolve authentication method. Expected one of api_key, auth_token, or credentials to be set. Or for one of the `X-Api-Key` or `Authorization` headers to be explicitly omitted"""
chevron_39,105,CCUS,carbon capture,23572,"...hevron
Privileged, Confidential & Restricted

Board of Directors – July 2021	37 Energy Transition Spotlight
Investor Day – Sept 14, 2021

Chevron Accelerates Lower Carbon Ambitions

• Triples total lower carbon capital to $10 billion through 2028
• Sets growth targets for renewable fuels, hydrogen, carbon capture and offsets

SAN RAMON, Calif., September 14, 2021 — During its Energy Transition Spotlight, Chevron Corporation (NYSE: CVX) announced plans to invest more capital to grow new energy businesses. “Chevron intends to be a leader in advancing a lower carbon future,” said Michael Wirth, Chevron's chair...",315,,,"error: ""Could not resolve authentication method. Expected one of api_key, auth_token, or credentials to be set. Or for one of the `X-Api-Key` or `Authorization` headers to be explicitly omitted"""
chevron_39,105,CCUS,carbon capture,24442,"...30 growth targets for new energy businesses.

• Lead in branded sales of renewable fuels and increase production to 100 thousand barrels of oil equivalent per day of renewable diesel, jet, gasoline, and natural gas.
• Grow production of low carbon hydrogen to 150 thousand tonnes per year
• Increase carbon capture and offsets to 25 million tonnes per year

Portion of draft press release Strategy to action through focus

CEO

New dedicated organization

Human Resources	Finance	Downstream & Chemicals	Midstream	Upstream	New Energy	Technology, Projects & Services	Strategy & Sustainability	Business Development	Co...",316,,,"error: ""Could not resolve authentication method. Expected one of api_key, auth_token, or credentials to be set. Or for one of the `X-Api-Key` or `Authorization` headers to be explicitly omitted"""
chevron_39,105,CCUS,Carbon Capture,24789,"...per year

Portion of draft press release Strategy to action through focus

CEO

New dedicated organization

Human Resources	Finance	Downstream & Chemicals	Midstream	Upstream	New Energy	Technology, Projects & Services	Strategy & Sustainability	Business Development	Corporate Affairs

Renewable Fuels	Carbon Capture	Hydrogen	Offsets & Technology

© 2021 Chevron	Privileged, Confidential & Restricted	Board of Directors – July 2021	39 Strategy to action through execution

Approach for success

Enable business-building culture for rapid growth
Build complementary strategic relationships
Leverage capabilities (tech...",317,,,"error: ""Could not resolve authentication method. Expected one of api_key, auth_token, or credentials to be set. Or for one of the `X-Api-Key` or `Authorization` headers to be explicitly omitted"""
chevron_39,105,CCUS,Carbon capture,25307,"...culture for rapid growth
Build complementary strategic relationships
Leverage capabilities (technology, commercial, etc.)

Initial focus

Renewable fuels
Multiple feedstocks
Expansion of station network
OEMs and airlines

Hydrogen
Richmond – Toyota, Cummins
Houston hydrogen hub
Utah green hydrogen

Carbon capture & offsets
California bioenergy
Carbon to building materials
Gulf Coast storage

© 2021 Chevron
Privileged, Confidential & Restricted
Board of Directors – July 2021	40 Profitable traditional business underpins new energy growth

Capital

$B/yr
30
20
10
0
2019

███████████████ Redacted — Business Con...",318,,,"error: ""Could not resolve authentication method. Expected one of api_key, auth_token, or credentials to be set. Or for one of the `X-Api-Key` or `Authorization` headers to be explicitly omitted"""
chevron_39,105,CCUS,Carbon capture,26503,"...iness Confidential (competitively sensitive internal projections) ████

Improving ROCE
>10% in 2025

Growing FCF
>10% CAGR by 2025

© 2021 Chevron

Privileged, Confidential & Restricted

Lower carbon

Triple investment in new energies by 2028
• 100 MBD Renewable fuels
• 150 KTPA Hydrogen
• 25 MMTPA Carbon capture & offsets

Reduce upstream carbon intensity
~35% by 2028

████ Redacted – Business Confidential (competitively sensitive internal projections) ████

1. Forecast range encompasses analysis using both Scope 3 approach and life cycle analysis approach.
Finalization subject to methodology choice.

Boar...",319,,,"error: ""Could not resolve authentication method. Expected one of api_key, auth_token, or credentials to be set. Or for one of the `X-Api-Key` or `Authorization` headers to be explicitly omitted"""
chevron_39,105,Biofuels,Sustainable aviation fuel,16977,"...Coast
Asia Pacific

Business lines
Renewable fuels
Hydrogen
Carbon capture and offsets

© 2021 Chevron Privileged, Confidential & Restricted
Board of Directors – July 2021 26 Renewable fuels: Leverage footprint and policy

Renewable natural gas (RNG) U.S. Renewable diesel (RD) USWC, extend to U.S. Sustainable aviation fuel (SAF) Global

Policy enablement

Low carbon and renewable fuel standards, blenders tax credit Low carbon and renewable fuel standards, blenders tax credit Adoption of a lower carbon fuel standard

Targeted demand

Heavy-duty transport Light and heavy-duty transport Select airports, strategic airlin...",320,,,"error: ""Could not resolve authentication method. Expected one of api_key, auth_token, or credentials to be set. Or for one of the `X-Api-Key` or `Authorization` headers to be explicitly omitted"""
chevron_39,105,Biofuels,bioenergy,25343,"...ementary strategic relationships
Leverage capabilities (technology, commercial, etc.)

Initial focus

Renewable fuels
Multiple feedstocks
Expansion of station network
OEMs and airlines

Hydrogen
Richmond – Toyota, Cummins
Houston hydrogen hub
Utah green hydrogen

Carbon capture & offsets
California bioenergy
Carbon to building materials
Gulf Coast storage

© 2021 Chevron
Privileged, Confidential & Restricted
Board of Directors – July 2021	40 Profitable traditional business underpins new energy growth

Capital

$B/yr
30
20
10
0
2019

███████████████ Redacted — Business Confidential 
(competitively sensi...",321,,,"error: ""Could not resolve authentication method. Expected one of api_key, auth_token, or credentials to be set. Or for one of the `X-Api-Key` or `Authorization` headers to be explicitly omitted"""
chevron_39,105,Hydrogen,Hydrogen,3228,"...ential & Restricted

Board of Directors – July 2021 Policy uncertainty creates a wide range of demand scenarios

Oil demand

MMBOED

120
100
80
60
40
20
0
2015 2020 2025 2030 2035 2040

Source: IHSMarkit, Wood Mackenzie, S&P Global Platts, IEA

© 2021 Chevron

Privileged, Confidential & Restricted

Hydrogen production

MMTPA

300
250
200
150
100
50
0
2020 2030 2040

IEA Net Zero 2050

IEA Sustainable Development

IEA Stated Policies Case

Board of Directors – July 2021

9 Select signposts

Signpost

Policy

Consumer behavior

Technology

Source: IEA, Wood Mackenzie
© 2021 Chevron
Privileged, Confident...",322,,,"error: ""Could not resolve authentication method. Expected one of api_key, auth_token, or credentials to be set. Or for one of the `X-Api-Key` or `Authorization` headers to be explicitly omitted"""
chevron_39,105,Hydrogen,hydrogen,9203,"...s not disclosed sufficient data to forecast the amount

30% by 2030
Net zero by 2050 ²

█

Net zero ⁴ by 2050

57

50% by 2050

69

60% by 2050

63

© 2021 Chevron
Privileged, Confidential & Restricted

Board of Directors – July 2021

17 LTIPs diverge on renewable power
Similar for renewable fuels, hydrogen and CCS

Renewable power ambitions | Integrate into operations | Trading focused
>560 TWh ¹ | Aggressive growth
20 – 50 GW ² | Sustained growth
35 GW ³
Renewable fuels | 100 MBD
(by 2030) | ~7 MBD purchase
agreement for 2022 | 8x growth target | 100 MBD target
(by 2030) | 300 MBD target
(by 2030)
S...",323,,,"error: ""Could not resolve authentication method. Expected one of api_key, auth_token, or credentials to be set. Or for one of the `X-Api-Key` or `Authorization` headers to be explicitly omitted"""
chevron_39,105,Hydrogen,hydrogen,11248,"...al energy business

Competitors retreating

Consolidation will continue

Continue to invest
Deliver higher returns
and lower carbon

© 2021 Chevron
Privileged, Confidential & Restricted

New energy business

Competitors diversifying into
renewable power now

Competitors moving into
renewable fuels, hydrogen, CCUS

Chevron’s strategy

Target hard-to-abate demand
Build upon assets, capabilities,
and customers

Chevron
Board of Directors — July 2021
20 Portfolio strategy

1 Improving returns and reducing carbon intensity
 of traditional business

2 Investing to grow profitable new energy business

3 Comb...",324,,,"error: ""Could not resolve authentication method. Expected one of api_key, auth_token, or credentials to be set. Or for one of the `X-Api-Key` or `Authorization` headers to be explicitly omitted"""
chevron_39,105,Hydrogen,Hydrogen,16729,"...20 30 40 50 60 70 80 90
MMBD

Board of Directors – July 2021

25 Chevron new energy business
Our strategy

Target hard-to-abate 
demand
Heavy-duty transport
Aviation
Industry

Build upon assets, 
capabilities and customers
U.S. West Coast
U.S. Gulf Coast
Asia Pacific

Business lines
Renewable fuels
Hydrogen
Carbon capture and offsets

© 2021 Chevron Privileged, Confidential & Restricted
Board of Directors – July 2021 26 Renewable fuels: Leverage footprint and policy

Renewable natural gas (RNG) U.S. Renewable diesel (RD) USWC, extend to U.S. Sustainable aviation fuel (SAF) Global

Policy enablement

L...",325,,,"error: ""Could not resolve authentication method. Expected one of api_key, auth_token, or credentials to be set. Or for one of the `X-Api-Key` or `Authorization` headers to be explicitly omitted"""
chevron_39,105,Hydrogen,hydrogen,18051,"...ing Customer

RNG Production

Online today – 1,500 MMBtu/day
Initial sales through CalBio partnership

By 2025 – ~20,000 MMBtu/day
Feedstock partnerships
Advanced marketing

Beyond 2030 – ~40,000 MMBtu/day
Grow feedstock supply with expanding policy support
Expand end use to power generation, green hydrogen

Redacted – Business Confidential (competitive financial information)

© 2021 Chevron
Privileged, Confidential & Restricted

Redacted – Business Confidential (competitive financial information)

Board of Directors – July 2021 28 RD and SAF grow with market

RD and SAF value chain

Feedstock	Pretrea...",326,,,"error: ""Could not resolve authentication method. Expected one of api_key, auth_token, or credentials to be set. Or for one of the `X-Api-Key` or `Authorization` headers to be explicitly omitted"""
chevron_39,105,Hydrogen,Hydrogen,18943,"...Feedstock, pretreatment partnerships
Manufacturing conversion at Richmond,
El Segundo and/or Pascagoula

Beyond 2030: ~100 MBD
100% of U.S. West Coast diesel is RD
Asia growth with expanding policy
Shift toward SAF

Potential U.S. RD market share 2030-2035: 10-15%

Board of Directors – July 2021 29 Hydrogen: policy-enabled markets guide efforts

California then U.S. 
Asia-Pacific

Policy enablement

CA – Low Carbon Fuel Standard
U.S. – Carbon price (future)

Limited consumer-level subsidies
Growing interest in Japan, S. Korea, and Singapore

Targeted demand

Light duty then heavy-duty transport,
exten...",327,,,"error: ""Could not resolve authentication method. Expected one of api_key, auth_token, or credentials to be set. Or for one of the `X-Api-Key` or `Authorization` headers to be explicitly omitted"""
chevron_39,105,Hydrogen,hydrogen,19633,"...high-heat sectors

Supply

Richmond H₂ and green pilots
extending to Central U.S.

NW Australia blue H₂
extending to green H₂ near demand sources

Key relationships

© 2021 Chevron

Privileged, Confidential & Restricted

Board of Directors – July 2021 
30

TOYOTA

CATERPILLAR

JERA

GS Caltex Rapid hydrogen growth next decade

Hydrogen value chain

Sources 			Conversion and storage 			End use
Solar & wind 		Electrolysis				█████████████████████████████████
Natural gas		Carbon capture				█████████████████████████████████

█████████████████████████████████████████████████████████████████████████
███ Red...",328,,,"error: ""Could not resolve authentication method. Expected one of api_key, auth_token, or credentials to be set. Or for one of the `X-Api-Key` or `Authorization` headers to be explicitly omitted"""
chevron_39,105,Hydrogen,Hydrogen,19662,"...chmond H₂ and green pilots
extending to Central U.S.

NW Australia blue H₂
extending to green H₂ near demand sources

Key relationships

© 2021 Chevron

Privileged, Confidential & Restricted

Board of Directors – July 2021 
30

TOYOTA

CATERPILLAR

JERA

GS Caltex Rapid hydrogen growth next decade

Hydrogen value chain

Sources 			Conversion and storage 			End use
Solar & wind 		Electrolysis				█████████████████████████████████
Natural gas		Carbon capture				█████████████████████████████████

█████████████████████████████████████████████████████████████████████████
███ Redacted – Business Confidential...",329,,,"error: ""Could not resolve authentication method. Expected one of api_key, auth_token, or credentials to be set. Or for one of the `X-Api-Key` or `Authorization` headers to be explicitly omitted"""
chevron_39,105,Hydrogen,Hydrogen,22914,"...iness Confidential (competitively sensitive internal projections)
Note: Graphs are based on aspirational business plans projections.

$B/yr
10
8
6
4
2
0
2019	2025	2030	2040
Operating cash flow
Redacted – Business Confidential (competitively sensitive internal projections)
Carbon capture and offsets
Hydrogen and renewable power
Renewable fuels Advancing a lower carbon future

New energies	Enabling CO₂ reductions
		(MMTPA by 2030)
Renewable fuels	15-24
Hydrogen	~ 1
CCS and offsets	25
Total ¹	~ 40-50

¹. Forecast range encompasses analysis using both Scope 3 approach and life cycle analysis approach. Fin...",330,,,"error: ""Could not resolve authentication method. Expected one of api_key, auth_token, or credentials to be set. Or for one of the `X-Api-Key` or `Authorization` headers to be explicitly omitted"""
chevron_39,105,Hydrogen,Hydrogen,23069,"...19	2025	2030	2040
Operating cash flow
Redacted – Business Confidential (competitively sensitive internal projections)
Carbon capture and offsets
Hydrogen and renewable power
Renewable fuels Advancing a lower carbon future

New energies	Enabling CO₂ reductions
		(MMTPA by 2030)
Renewable fuels	15-24
Hydrogen	~ 1
CCS and offsets	25
Total ¹	~ 40-50

¹. Forecast range encompasses analysis using both Scope 3 approach and life cycle analysis approach. Finalization subject to methodology choice.

© 2021 Chevron
Privileged, Confidential & Restricted

Board of Directors – July 2021	37 Energy Transition Spotlig...",331,,,"error: ""Could not resolve authentication method. Expected one of api_key, auth_token, or credentials to be set. Or for one of the `X-Api-Key` or `Authorization` headers to be explicitly omitted"""
chevron_39,105,Hydrogen,hydrogen,23562,"...© 2021 Chevron
Privileged, Confidential & Restricted

Board of Directors – July 2021	37 Energy Transition Spotlight
Investor Day – Sept 14, 2021

Chevron Accelerates Lower Carbon Ambitions

• Triples total lower carbon capital to $10 billion through 2028
• Sets growth targets for renewable fuels, hydrogen, carbon capture and offsets

SAN RAMON, Calif., September 14, 2021 — During its Energy Transition Spotlight, Chevron Corporation (NYSE: CVX) announced plans to invest more capital to grow new energy businesses. “Chevron intends to be a leader in advancing a lower carbon future,” said Michael Wirth,...",332,,,"error: ""Could not resolve authentication method. Expected one of api_key, auth_token, or credentials to be set. Or for one of the `X-Api-Key` or `Authorization` headers to be explicitly omitted"""
chevron_39,105,Hydrogen,hydrogen,24390,"...building on its energy transition progress to set 2030 growth targets for new energy businesses.

• Lead in branded sales of renewable fuels and increase production to 100 thousand barrels of oil equivalent per day of renewable diesel, jet, gasoline, and natural gas.
• Grow production of low carbon hydrogen to 150 thousand tonnes per year
• Increase carbon capture and offsets to 25 million tonnes per year

Portion of draft press release Strategy to action through focus

CEO

New dedicated organization

Human Resources	Finance	Downstream & Chemicals	Midstream	Upstream	New Energy	Technology, Projects &...",333,,,"error: ""Could not resolve authentication method. Expected one of api_key, auth_token, or credentials to be set. Or for one of the `X-Api-Key` or `Authorization` headers to be explicitly omitted"""
chevron_39,105,Hydrogen,Hydrogen,24804,"...ion of draft press release Strategy to action through focus

CEO

New dedicated organization

Human Resources	Finance	Downstream & Chemicals	Midstream	Upstream	New Energy	Technology, Projects & Services	Strategy & Sustainability	Business Development	Corporate Affairs

Renewable Fuels	Carbon Capture	Hydrogen	Offsets & Technology

© 2021 Chevron	Privileged, Confidential & Restricted	Board of Directors – July 2021	39 Strategy to action through execution

Approach for success

Enable business-building culture for rapid growth
Build complementary strategic relationships
Leverage capabilities (technology, c...",334,,,"error: ""Could not resolve authentication method. Expected one of api_key, auth_token, or credentials to be set. Or for one of the `X-Api-Key` or `Authorization` headers to be explicitly omitted"""
chevron_39,105,Hydrogen,Hydrogen,25229,"...y to action through execution

Approach for success

Enable business-building culture for rapid growth
Build complementary strategic relationships
Leverage capabilities (technology, commercial, etc.)

Initial focus

Renewable fuels
Multiple feedstocks
Expansion of station network
OEMs and airlines

Hydrogen
Richmond – Toyota, Cummins
Houston hydrogen hub
Utah green hydrogen

Carbon capture & offsets
California bioenergy
Carbon to building materials
Gulf Coast storage

© 2021 Chevron
Privileged, Confidential & Restricted
Board of Directors – July 2021	40 Profitable traditional business underpins new en...",335,,,"error: ""Could not resolve authentication method. Expected one of api_key, auth_token, or credentials to be set. Or for one of the `X-Api-Key` or `Authorization` headers to be explicitly omitted"""
chevron_39,105,Hydrogen,hydrogen,25273,"...success

Enable business-building culture for rapid growth
Build complementary strategic relationships
Leverage capabilities (technology, commercial, etc.)

Initial focus

Renewable fuels
Multiple feedstocks
Expansion of station network
OEMs and airlines

Hydrogen
Richmond – Toyota, Cummins
Houston hydrogen hub
Utah green hydrogen

Carbon capture & offsets
California bioenergy
Carbon to building materials
Gulf Coast storage

© 2021 Chevron
Privileged, Confidential & Restricted
Board of Directors – July 2021	40 Profitable traditional business underpins new energy growth

Capital

$B/yr
30
20
10
0
2019...",336,,,"error: ""Could not resolve authentication method. Expected one of api_key, auth_token, or credentials to be set. Or for one of the `X-Api-Key` or `Authorization` headers to be explicitly omitted"""
chevron_39,105,Hydrogen,hydrogen,25297,"...-building culture for rapid growth
Build complementary strategic relationships
Leverage capabilities (technology, commercial, etc.)

Initial focus

Renewable fuels
Multiple feedstocks
Expansion of station network
OEMs and airlines

Hydrogen
Richmond – Toyota, Cummins
Houston hydrogen hub
Utah green hydrogen

Carbon capture & offsets
California bioenergy
Carbon to building materials
Gulf Coast storage

© 2021 Chevron
Privileged, Confidential & Restricted
Board of Directors – July 2021	40 Profitable traditional business underpins new energy growth

Capital

$B/yr
30
20
10
0
2019

███████████████ Redacte...",337,,,"error: ""Could not resolve authentication method. Expected one of api_key, auth_token, or credentials to be set. Or for one of the `X-Api-Key` or `Authorization` headers to be explicitly omitted"""
chevron_39,105,Hydrogen,Hydrogen,26483,"...████ Redacted – Business Confidential (competitively sensitive internal projections) ████

Improving ROCE
>10% in 2025

Growing FCF
>10% CAGR by 2025

© 2021 Chevron

Privileged, Confidential & Restricted

Lower carbon

Triple investment in new energies by 2028
• 100 MBD Renewable fuels
• 150 KTPA Hydrogen
• 25 MMTPA Carbon capture & offsets

Reduce upstream carbon intensity
~35% by 2028

████ Redacted – Business Confidential (competitively sensitive internal projections) ████

1. Forecast range encompasses analysis using both Scope 3 approach and life cycle analysis approach.
Finalization subject to...",338,,,"error: ""Could not resolve authentication method. Expected one of api_key, auth_token, or credentials to be set. Or for one of the `X-Api-Key` or `Authorization` headers to be explicitly omitted"""
chevron_56,124,CCUS,carbon capture,2009,"...as a result also have higher than average carbon intensity. This flexibility results in competitive margins and directly creates investment options for growth in renewable fuel manufacturing.

We are significantly increasing investment to grow new energy business lines in renewable fuels, hydrogen, carbon capture and offsets. These businesses will build upon existing assets, organizational capabilities and customers. We are targeting hard-to-abate sectors, such as heavy-duty transport and high-temperature industrial processes, in policy-enabled markets. The pace of growth will be influenced by evolving exte...",339,,,"error: ""Could not resolve authentication method. Expected one of api_key, auth_token, or credentials to be set. Or for one of the `X-Api-Key` or `Authorization` headers to be explicitly omitted"""
chevron_56,124,CCUS,carbon capture,3144,"...00.

LTIP strategies continue to diverge. Several European majors plan to shrink their traditional portfolios and grow renewable power while U.S. majors see modest growth in traditional business with minimal investment in renewable power. All LTIPs express aspirations for renewable fuels, hydrogen, carbon capture and offsets, although scope, timing and scale vary. European LTIP valuation multiples lag U.S. peers, due to dividend cuts and uncertainty around strategy execution.

Retreat from oil and gas, industry consolidation and diverging new energy strategies will reshape the competitor landscape, creating...",340,,,"error: ""Could not resolve authentication method. Expected one of api_key, auth_token, or credentials to be set. Or for one of the `X-Api-Key` or `Authorization` headers to be explicitly omitted"""
chevron_56,124,CCUS,Carbon Capture,3520,"...LTIP valuation multiples lag U.S. peers, due to dividend cuts and uncertainty around strategy execution.

Retreat from oil and gas, industry consolidation and diverging new energy strategies will reshape the competitor landscape, creating opportunities in both traditional and new energy businesses. Carbon Capture and Offsets
Carbon capture and offsets will offer our customers
solutions to reduce and offset carbon emissions. Carbon
Capture and Sequestration (CCS) will build upon our
subsurface expertise to target large industrial sites with
multiple high emitters to establish CCS hubs. We see
opportunities i...",341,,,"error: ""Could not resolve authentication method. Expected one of api_key, auth_token, or credentials to be set. Or for one of the `X-Api-Key` or `Authorization` headers to be explicitly omitted"""
chevron_56,124,CCUS,Carbon capture,3547,"...g U.S. peers, due to dividend cuts and uncertainty around strategy execution.

Retreat from oil and gas, industry consolidation and diverging new energy strategies will reshape the competitor landscape, creating opportunities in both traditional and new energy businesses. Carbon Capture and Offsets
Carbon capture and offsets will offer our customers
solutions to reduce and offset carbon emissions. Carbon
Capture and Sequestration (CCS) will build upon our
subsurface expertise to target large industrial sites with
multiple high emitters to establish CCS hubs. We see
opportunities in the near to mid-term for...",342,,,"error: ""Could not resolve authentication method. Expected one of api_key, auth_token, or credentials to be set. Or for one of the `X-Api-Key` or `Authorization` headers to be explicitly omitted"""
chevron_56,124,CCUS,CCS,3682,"...erging new energy strategies will reshape the competitor landscape, creating opportunities in both traditional and new energy businesses. Carbon Capture and Offsets
Carbon capture and offsets will offer our customers
solutions to reduce and offset carbon emissions. Carbon
Capture and Sequestration (CCS) will build upon our
subsurface expertise to target large industrial sites with
multiple high emitters to establish CCS hubs. We see
opportunities in the near to mid-term for CCS hubs in
California and the Gulf Coast, with future potential in
Asia Pacific. The carbon offset market is evolving.
We i...",343,,,"error: ""Could not resolve authentication method. Expected one of api_key, auth_token, or credentials to be set. Or for one of the `X-Api-Key` or `Authorization` headers to be explicitly omitted"""
chevron_56,124,CCUS,CCS,3802,"...nergy businesses. Carbon Capture and Offsets
Carbon capture and offsets will offer our customers
solutions to reduce and offset carbon emissions. Carbon
Capture and Sequestration (CCS) will build upon our
subsurface expertise to target large industrial sites with
multiple high emitters to establish CCS hubs. We see
opportunities in the near to mid-term for CCS hubs in
California and the Gulf Coast, with future potential in
Asia Pacific. The carbon offset market is evolving.
We intend to invest in a nature-based supply such as
reforestation and soil carbon capture to generate offset
credits. These...",344,,,"error: ""Could not resolve authentication method. Expected one of api_key, auth_token, or credentials to be set. Or for one of the `X-Api-Key` or `Authorization` headers to be explicitly omitted"""
chevron_56,124,CCUS,CCS,3861,"...and offsets will offer our customers
solutions to reduce and offset carbon emissions. Carbon
Capture and Sequestration (CCS) will build upon our
subsurface expertise to target large industrial sites with
multiple high emitters to establish CCS hubs. We see
opportunities in the near to mid-term for CCS hubs in
California and the Gulf Coast, with future potential in
Asia Pacific. The carbon offset market is evolving.
We intend to invest in a nature-based supply such as
reforestation and soil carbon capture to generate offset
credits. These credits can then be paired with existing
products (e.g., d...",345,,,"error: ""Could not resolve authentication method. Expected one of api_key, auth_token, or credentials to be set. Or for one of the `X-Api-Key` or `Authorization` headers to be explicitly omitted"""
chevron_56,124,CCUS,carbon capture,4057,"...tes with
multiple high emitters to establish CCS hubs. We see
opportunities in the near to mid-term for CCS hubs in
California and the Gulf Coast, with future potential in
Asia Pacific. The carbon offset market is evolving.
We intend to invest in a nature-based supply such as
reforestation and soil carbon capture to generate offset
credits. These credits can then be paired with existing
products (e.g., diesel, LNG, etc.) to meet the needs of
customers looking to offset their carbon footprint.

Combined traditional and new energy businesses
The combination of high-return traditional energy with
high-growth n...",346,,,"error: ""Could not resolve authentication method. Expected one of api_key, auth_token, or credentials to be set. Or for one of the `X-Api-Key` or `Authorization` headers to be explicitly omitted"""
chevron_56,124,CCUS,carbon capture,5225,"...triple our total lower
carbon capital spending to $10 billion by 2028. We aim
to lead in branded sales of renewable fuels, growing to
100 MBOED of renewable diesel, jet, gasoline, and
natural gas. We will grow production of low-carbon
hydrogen to 150 thousand tonnes per annum. We aspire
to increase carbon capture and offsets to 25 million
tonnes per annum. To achieve these ambitions, we will
be forming a new energy organization with a clear
mandate, dedicated personnel and committed capital.

Chevron's strategy builds on our strengths, positioning
us for success in an uncertain and evolving future.

We are...",347,,,"error: ""Could not resolve authentication method. Expected one of api_key, auth_token, or credentials to be set. Or for one of the `X-Api-Key` or `Authorization` headers to be explicitly omitted"""
chevron_56,124,CCUS,carbon capture,5822,"...future.

We are committed to delivering higher returns:
• Double ROCE at $50 Brent
• Free cash flow >10% CAGR

We are committed to lower carbon:
• Reduce upstream GHG intensity 35%
• Increase lower carbon capex to $10 billion
• 100 MBOED renewable fuels
• 150 MTPA hydrogen
• 25 million tonnes/year carbon capture and offsets

2

Board of Directors – July 2021

CHEV-117HCOR-0013168",348,,,"error: ""Could not resolve authentication method. Expected one of api_key, auth_token, or credentials to be set. Or for one of the `X-Api-Key` or `Authorization` headers to be explicitly omitted"""
chevron_56,124,Hydrogen,hydrogen,1999,"...ible, but as a result also have higher than average carbon intensity. This flexibility results in competitive margins and directly creates investment options for growth in renewable fuel manufacturing.

We are significantly increasing investment to grow new energy business lines in renewable fuels, hydrogen, carbon capture and offsets. These businesses will build upon existing assets, organizational capabilities and customers. We are targeting hard-to-abate sectors, such as heavy-duty transport and high-temperature industrial processes, in policy-enabled markets. The pace of growth will be influenced...",349,,,"error: ""Could not resolve authentication method. Expected one of api_key, auth_token, or credentials to be set. Or for one of the `X-Api-Key` or `Authorization` headers to be explicitly omitted"""
chevron_56,124,Hydrogen,hydrogen,3134,"...the S&P 500.

LTIP strategies continue to diverge. Several European majors plan to shrink their traditional portfolios and grow renewable power while U.S. majors see modest growth in traditional business with minimal investment in renewable power. All LTIPs express aspirations for renewable fuels, hydrogen, carbon capture and offsets, although scope, timing and scale vary. European LTIP valuation multiples lag U.S. peers, due to dividend cuts and uncertainty around strategy execution.

Retreat from oil and gas, industry consolidation and diverging new energy strategies will reshape the competitor lan...",350,,,"error: ""Could not resolve authentication method. Expected one of api_key, auth_token, or credentials to be set. Or for one of the `X-Api-Key` or `Authorization` headers to be explicitly omitted"""
chevron_56,124,Hydrogen,hydrogen,5160,"...etting growth targets for each new
energy business line and will triple our total lower
carbon capital spending to $10 billion by 2028. We aim
to lead in branded sales of renewable fuels, growing to
100 MBOED of renewable diesel, jet, gasoline, and
natural gas. We will grow production of low-carbon
hydrogen to 150 thousand tonnes per annum. We aspire
to increase carbon capture and offsets to 25 million
tonnes per annum. To achieve these ambitions, we will
be forming a new energy organization with a clear
mandate, dedicated personnel and committed capital.

Chevron's strategy builds on our strengths, p...",351,,,"error: ""Could not resolve authentication method. Expected one of api_key, auth_token, or credentials to be set. Or for one of the `X-Api-Key` or `Authorization` headers to be explicitly omitted"""
chevron_56,124,Hydrogen,hydrogen,5788,"...ccess in an uncertain and evolving future.

We are committed to delivering higher returns:
• Double ROCE at $50 Brent
• Free cash flow >10% CAGR

We are committed to lower carbon:
• Reduce upstream GHG intensity 35%
• Increase lower carbon capex to $10 billion
• 100 MBOED renewable fuels
• 150 MTPA hydrogen
• 25 million tonnes/year carbon capture and offsets

2

Board of Directors – July 2021

CHEV-117HCOR-0013168",352,,,"error: ""Could not resolve authentication method. Expected one of api_key, auth_token, or credentials to be set. Or for one of the `X-Api-Key` or `Authorization` headers to be explicitly omitted"""
chevron_68,137,Biofuels,biofuel,6206,"...he LCFS was designed to reduce the carbon intensity of transportation fuels by 20% by 2030 while providing a range of low-carbon and renewable alternatives. Under LCFS, petroleum fuel importers, refiners, and wholesalers in California are required to reduce carbon intensity. Other entities, such as biofuel refiners, can opt into the program to generate credits. CARB has amended the LCFS several times to address credit price spikes and supply problems. In its most recent 2017 Climate Change Scoping Plan, CARB signaled it was developing a more ambitious LCFS as a critical part to meet climate targets....",353,,,"error: ""Could not resolve authentication method. Expected one of api_key, auth_token, or credentials to be set. Or for one of the `X-Api-Key` or `Authorization` headers to be explicitly omitted"""
chevron_71,141,CCUS,CCS,4447,"...June 2021.
Due to project funding ahead of schedule, anticipated tie-in of digestion wells and RNG expansion up.

●

Low-Carbon technologies

Achieve FID for prioritized renewable power projects in MCBU under co-development w/ Algonquin in 2021

Complete FEED and start Procurement / Construction of CCS Urea Trial in 1H 2021

FID Algonquin 4Q; conversion agreements to recent intentions.
Lobbyed: blender's tax credit.
Successfully updated project pathway regulations for winter fuels & advancing land-based CCS.

○

Make FEED decision and public announcement on Project Mentoda by 2Q 2021

Propose 203...",354,,,"error: ""Could not resolve authentication method. Expected one of api_key, auth_token, or credentials to be set. Or for one of the `X-Api-Key` or `Authorization` headers to be explicitly omitted"""
chevron_71,141,CCUS,CCS,4656,"...co-development w/ Algonquin in 2021

Complete FEED and start Procurement / Construction of CCS Urea Trial in 1H 2021

FID Algonquin 4Q; conversion agreements to recent intentions.
Lobbyed: blender's tax credit.
Successfully updated project pathway regulations for winter fuels & advancing land-based CCS.

○

Make FEED decision and public announcement on Project Mentoda by 2Q 2021

Propose 2030 'Net Zero Annual Review.'
Achieved: FID & Second Refinery begins bio-processing bio-feedstock in 2 June 2021.
Due to project funding ahead of schedule, anticipated tie-in of digestion wells and RNG expansion...",355,,,"error: ""Could not resolve authentication method. Expected one of api_key, auth_token, or credentials to be set. Or for one of the `X-Api-Key` or `Authorization` headers to be explicitly omitted"""
chevron_71,141,CCUS,CCUS,6327,"...siness

Competitors retreating

Consolidation will continue

Continue to invest

Deliver higher returns and lower carbon

© 2021 Chevron 
Privileged, Confidential & Restricted

New energy business

Competitors diversifying into renewable power now

Competitors moving into renewable fuels, hydrogen, CCUS

Chevron’s strategy

Target hard-to-abate demand

Build upon assets, capabilities, and customers

Board of Directors – July 2021 
20",356,,,"error: ""Could not resolve authentication method. Expected one of api_key, auth_token, or credentials to be set. Or for one of the `X-Api-Key` or `Authorization` headers to be explicitly omitted"""
chevron_71,141,Hydrogen,hydrogen,6317,"...energy business

Competitors retreating

Consolidation will continue

Continue to invest

Deliver higher returns and lower carbon

© 2021 Chevron 
Privileged, Confidential & Restricted

New energy business

Competitors diversifying into renewable power now

Competitors moving into renewable fuels, hydrogen, CCUS

Chevron’s strategy

Target hard-to-abate demand

Build upon assets, capabilities, and customers

Board of Directors – July 2021 
20",357,,,"error: ""Could not resolve authentication method. Expected one of api_key, auth_token, or credentials to be set. Or for one of the `X-Api-Key` or `Authorization` headers to be explicitly omitted"""
chevron_72,142,CCUS,CCUS,1627,"...eothermal, and hydro energy sources in NZE
● Carbon prices rise to $130 USD by 2030 in advanced economies, and $15 – 90 USD in developing nations
● Oil demand drops to just 25 MMBD by 2050 with consumption focused in petroleum products where carbon is
embedded (e.g. plastics), where its paired with CCUS, or in sectors where low carbon technologies are scarce
● The drop in demand forces oil prices to decline to $35/BBL (real 2019$) by 2030 and $25/BBL (real$) by 2050
● No new exploration is needed in NZE. Continued investment is needed in existing fields (overall decline of oil
demand ~4%/yr, still...",358,,,"error: ""Could not resolve authentication method. Expected one of api_key, auth_token, or credentials to be set. Or for one of the `X-Api-Key` or `Authorization` headers to be explicitly omitted"""
chevron_72,142,CCUS,CCUS,2629,"...rt suggests oil companies should prioritize lowering CO2 emissions from operations, eliminating methane
emissions, and deploying renewable power to help “green” assets as part of their transition strategies
● The report also notes that oil and gas companies are well positioned to help commercialize CCUS, hydrogen,
biomethane, advanced biofuels, and offshore wind

Bruce

From: Wirth, Mike █████████████
Sent: Tuesday, May 18, 2021 6:04 AM
To: Niemeyer, Bruce L [BNiemeyer] █████████████
Subject: IEA Net Zero Scenario - Update

I see this is now out. At first blush it looks like a lot of heroic assump...",359,,,"error: ""Could not resolve authentication method. Expected one of api_key, auth_token, or credentials to be set. Or for one of the `X-Api-Key` or `Authorization` headers to be explicitly omitted"""
chevron_72,142,Biofuels,bioenergy,1315,"...n), active involvement of consumers using low carbon solutions - 55% (e.g., buying an EV), behavior change – 8% (e.g., flying less)
● We don’t view IEA NZE as any more credible or probable than other net zero 2050 scenarios
● Nearly two-thirds of global energy supply in 2050 is met from renewables, bioenergy, geothermal, and hydro energy sources in NZE
● Carbon prices rise to $130 USD by 2030 in advanced economies, and $15 – 90 USD in developing nations
● Oil demand drops to just 25 MMBD by 2050 with consumption focused in petroleum products where carbon is
embedded (e.g. plastics), where its paired wi...",360,,,"error: ""Could not resolve authentication method. Expected one of api_key, auth_token, or credentials to be set. Or for one of the `X-Api-Key` or `Authorization` headers to be explicitly omitted"""
chevron_72,142,Hydrogen,hydrogen,2635,"...gests oil companies should prioritize lowering CO2 emissions from operations, eliminating methane
emissions, and deploying renewable power to help “green” assets as part of their transition strategies
● The report also notes that oil and gas companies are well positioned to help commercialize CCUS, hydrogen,
biomethane, advanced biofuels, and offshore wind

Bruce

From: Wirth, Mike █████████████
Sent: Tuesday, May 18, 2021 6:04 AM
To: Niemeyer, Bruce L [BNiemeyer] █████████████
Subject: IEA Net Zero Scenario - Update

I see this is now out. At first blush it looks like a lot of heroic assumptions, and...",361,,,"error: ""Could not resolve authentication method. Expected one of api_key, auth_token, or credentials to be set. Or for one of the `X-Api-Key` or `Authorization` headers to be explicitly omitted"""
chevron_76,146,CCUS,CCUS,897,"...confidence to 1.5°C or by about 2070 to limit
warming to 2°C.

Net zero is achieved when emission sources equal
emission sinks, meaning all economy-wide greenhouse
gas (GHG) emissions are offset by natural and
technological abatements (e.g. forestry projects, Carbon
Capture Utilization and Storage (CCUS)). There are
numerous pathways to achieve emissions reduction
goals – with significantly different cost and energy
implications. A 1.5°C scenario costs three to four times
more than a Paris-aligned 2070 target and requires
substantially more aggressive and rapid policy
intervention in the economy a...",362,,,"error: ""Could not resolve authentication method. Expected one of api_key, auth_token, or credentials to be set. Or for one of the `X-Api-Key` or `Authorization` headers to be explicitly omitted"""
chevron_76,146,CCUS,CCUS,5905,"...confidence to 1.5°C or by about 2070 to limit
warming to 2°C.

Net zero is achieved when emission sources equal
emission sinks, meaning all economy-wide greenhouse
gas (GHG) emissions are offset by natural and
technological abatements (e.g. forestry projects, Carbon
Capture Utilization and Storage (CCUS)). There are
numerous pathways to achieve emissions reduction
goals – with significantly different cost and energy
implications. A 1.5°C scenario costs three to four times
more than a Paris-aligned 2070 target and requires
substantially more aggressive and rapid policy
intervention in the economy a...",363,,,"error: ""Could not resolve authentication method. Expected one of api_key, auth_token, or credentials to be set. Or for one of the `X-Api-Key` or `Authorization` headers to be explicitly omitted"""
exxonmobil_3,155,CCUS,Carbon Capture and Storage,812,"...share briefing sheets for a Perry/Vijay engagement in Houston. I’m going to send the 
latest Perry sheet, but also wanted to flag for her some potential █████ that we should give brief updates on and include 
in his materials. Am I missing anything here?

• National Petroleum Council (NPC) study on Carbon Capture and Storage – Guy Powell and Susan Blevins
• National Labs Collaboration – Abby Rodgers and Pat McCarthy
• 45Q Tax changes affecting CCUS – Ed Coleman
• Alberta Curtailment – Nathan Bishop and James Elsie
• Golden Pass LNG – Todd Spitler and Lauren Kerr
• DOE Grid Resiliency NOPR – Sara Basta

Regards,

Dan Ea...",364,,,"error: ""Could not resolve authentication method. Expected one of api_key, auth_token, or credentials to be set. Or for one of the `X-Api-Key` or `Authorization` headers to be explicitly omitted"""
exxonmobil_3,155,CCUS,CCUS,960,"...tial █████ that we should give brief updates on and include 
in his materials. Am I missing anything here?

• National Petroleum Council (NPC) study on Carbon Capture and Storage – Guy Powell and Susan Blevins
• National Labs Collaboration – Abby Rodgers and Pat McCarthy
• 45Q Tax changes affecting CCUS – Ed Coleman
• Alberta Curtailment – Nathan Bishop and James Elsie
• Golden Pass LNG – Todd Spitler and Lauren Kerr
• DOE Grid Resiliency NOPR – Sara Basta

Regards,

Dan Easley
Senior Director, Federal Relations

Exxon Mobil Corporation
███████████████	Tel
███████████████	Cell",365,,,"error: ""Could not resolve authentication method. Expected one of api_key, auth_token, or credentials to be set. Or for one of the `X-Api-Key` or `Authorization` headers to be explicitly omitted"""
exxonmobil_4,156,CCUS,CCS,250,"Message

From:	Walton, Gantt H [/O=EXXONMOBIL/OU=EXCHANGE ADMINISTRATIVE GROUP
	(FYDIBOHF23SPDLT)/CN=RECIPIENTS/████████████████████████]
Sent:	5/22/2019 9:25:31 PM
To:	Cooney, Philip ██████ Easley, Daniel C
Cc:	Sokul, Stanley S
Subject:	RE: Federal CCS funding, primarily at DOE

Please keep Guy informed

From: Cooney, Philip
Sent: Wednesday, May 22, 2019 2:29 PM
To: Easley, Daniel C ██████ Walton, Gantt ███████████
Cc: Sokul, Stanley S
Subject: RE: Federal CCS funding, primarily at DOE

That could be helpful.

The funding programs per se are help...",366,,,"error: ""Could not resolve authentication method. Expected one of api_key, auth_token, or credentials to be set. Or for one of the `X-Api-Key` or `Authorization` headers to be explicitly omitted"""
exxonmobil_4,156,CCUS,CCS,462,"...PM
To:	Cooney, Philip ██████ Easley, Daniel C
Cc:	Sokul, Stanley S
Subject:	RE: Federal CCS funding, primarily at DOE

Please keep Guy informed

From: Cooney, Philip
Sent: Wednesday, May 22, 2019 2:29 PM
To: Easley, Daniel C ██████ Walton, Gantt ███████████
Cc: Sokul, Stanley S
Subject: RE: Federal CCS funding, primarily at DOE

That could be helpful.

The funding programs per se are helpful to understand. But the more challenging question for EM will be to understand the quality of their various research programs and how they measure up with our view of the most promising areas where we could br...",367,,,"error: ""Could not resolve authentication method. Expected one of api_key, auth_token, or credentials to be set. Or for one of the `X-Api-Key` or `Authorization` headers to be explicitly omitted"""
exxonmobil_4,156,CCUS,CCS,967,"...earch programs and how they measure up with our view of the most promising areas where we could bring expertise and leverage.

Thanks Dan, Phil

From: Easley, Daniel C
Sent: Wednesday, May 22, 2019 2:19 PM
To: Cooney, Philip ██████ Walton, Gantt H █████████
Cc: Sokul, Stanley S
Subject: RE: Federal CCS funding, primarily at DOE

I’m having coffee with DOE FE staff next week — and Susan, Ed and I are going in to meet Winberg and others on the 6th. Why don’t we just ask ██████ if they have ██████ year by year ██████ out of CCS funding?

Regards,

Dan Easley
Senior Director, Federal Relations
Exxon...",368,,,"error: ""Could not resolve authentication method. Expected one of api_key, auth_token, or credentials to be set. Or for one of the `X-Api-Key` or `Authorization` headers to be explicitly omitted"""
exxonmobil_4,156,CCUS,CCS,1194,"...████ Walton, Gantt H █████████
Cc: Sokul, Stanley S
Subject: RE: Federal CCS funding, primarily at DOE

I’m having coffee with DOE FE staff next week — and Susan, Ed and I are going in to meet Winberg and others on the 6th. Why don’t we just ask ██████ if they have ██████ year by year ██████ out of CCS funding?

Regards,

Dan Easley
Senior Director, Federal Relations
Exxon Mobil Corp████████
████████████████████████████████████


From: Cooney, Philip
Sent: Wednesday, May 22, 2019 2:02 PM
To: Walton, Gantt H ██████████ Easley, Daniel C █████████
Cc: Sokul, Stanley S
Subject: Federal CCS funding, p...",369,,,"error: ""Could not resolve authentication method. Expected one of api_key, auth_token, or credentials to be set. Or for one of the `X-Api-Key` or `Authorization` headers to be explicitly omitted"""
exxonmobil_4,156,CCUS,CCS,1483,"...███ out of CCS funding?

Regards,

Dan Easley
Senior Director, Federal Relations
Exxon Mobil Corp████████
████████████████████████████████████


From: Cooney, Philip
Sent: Wednesday, May 22, 2019 2:02 PM
To: Walton, Gantt H ██████████ Easley, Daniel C █████████
Cc: Sokul, Stanley S
Subject: Federal CCS funding, primarily at DOE

Gantt, In response to your q following a senior-level review in Dallas, Stan has provided links to recent reports from
the Congressional Research Service concerning federal funding for CCS research. The second report is 31
pages and is more descriptive of specific researc...",370,,,"error: ""Could not resolve authentication method. Expected one of api_key, auth_token, or credentials to be set. Or for one of the `X-Api-Key` or `Authorization` headers to be explicitly omitted"""
exxonmobil_4,156,CCUS,CCS,1699,"...Gantt H ██████████ Easley, Daniel C █████████
Cc: Sokul, Stanley S
Subject: Federal CCS funding, primarily at DOE

Gantt, In response to your q following a senior-level review in Dallas, Stan has provided links to recent reports from
the Congressional Research Service concerning federal funding for CCS research. The second report is 31
pages and is more descriptive of specific research areas.

As I recall, a suggestion had been made that we evaluate federal research projects in this area for the potential
to collaborate and potentially leverage our own investments in this important area.

If you...",371,,,"error: ""Could not resolve authentication method. Expected one of api_key, auth_token, or credentials to be set. Or for one of the `X-Api-Key` or `Authorization` headers to be explicitly omitted"""
exxonmobil_4,156,CCUS,CCS,2315,"...e can send these reports to Guy and Pete (and maybe Susan Blevins) — Stan and Dan
could then set up a meeting with them to review.

How would you like to proceed? Thanks Phil

From: Sokul, Stanley S
Sent: Wednesday, May 22, 2019 11:55 AM
To: Cooney, Philip
Subject: RE: status of determining federal CCS funding? thx

Phil I had found two good CRS reports detailing CCS funding, the first one is short and more to the point.
It comes through the DOE office of fossil energy and is very coal focused right now.
https://fas.org/sgp/crs/misc/IF10589.pdf
https://fas.org/sgp/crs/misc/R44902.pdf

From: Coone...",372,,,"error: ""Could not resolve authentication method. Expected one of api_key, auth_token, or credentials to be set. Or for one of the `X-Api-Key` or `Authorization` headers to be explicitly omitted"""
exxonmobil_4,156,CCUS,CCS,2381,"...— Stan and Dan
could then set up a meeting with them to review.

How would you like to proceed? Thanks Phil

From: Sokul, Stanley S
Sent: Wednesday, May 22, 2019 11:55 AM
To: Cooney, Philip
Subject: RE: status of determining federal CCS funding? thx

Phil I had found two good CRS reports detailing CCS funding, the first one is short and more to the point.
It comes through the DOE office of fossil energy and is very coal focused right now.
https://fas.org/sgp/crs/misc/IF10589.pdf
https://fas.org/sgp/crs/misc/R44902.pdf

From: Cooney, Philip
Sent: Wednesday, May 22, 2019 9:13 AM
To: Sokul, Stanley...",373,,,"error: ""Could not resolve authentication method. Expected one of api_key, auth_token, or credentials to be set. Or for one of the `X-Api-Key` or `Authorization` headers to be explicitly omitted"""
exxonmobil_4,156,CCUS,CCS,2726,"...to the point.
It comes through the DOE office of fossil energy and is very coal focused right now.
https://fas.org/sgp/crs/misc/IF10589.pdf
https://fas.org/sgp/crs/misc/R44902.pdf

From: Cooney, Philip
Sent: Wednesday, May 22, 2019 9:13 AM
To: Sokul, Stanley S
Subject: status of determining federal CCS funding? thx

Philip A. Cooney
Global Issues Manager
Public and Government Affairs
Exxon Mobil Corporation

Office: █████████████████
Mobile: █████████████████

Visit ExxonMobil’s Energy Factor, an online resource covering the cutting-edge technology and
innovations that are helping to meet tomorro...",374,,,"error: ""Could not resolve authentication method. Expected one of api_key, auth_token, or credentials to be set. Or for one of the `X-Api-Key` or `Authorization` headers to be explicitly omitted"""
exxonmobil_5,157,CCUS,CCUS,35,"Joint declaration on kick-starting CCUS hubs
OR Joint declaration on accelerating the CCUS industry

1. Carbon capture, utilization and storage (CCUS) is an essential part of a broad set of solutions needed to
   create more sustainable low carbon energy and industrial systems in support of the Paris Agreement
   climate goals. It can re...",375,,,"error: ""Could not resolve authentication method. Expected one of api_key, auth_token, or credentials to be set. Or for one of the `X-Api-Key` or `Authorization` headers to be explicitly omitted"""
exxonmobil_5,157,CCUS,CCUS,86,"Joint declaration on kick-starting CCUS hubs
OR Joint declaration on accelerating the CCUS industry

1. Carbon capture, utilization and storage (CCUS) is an essential part of a broad set of solutions needed to
   create more sustainable low carbon energy and industrial systems in support of the Paris Agreement
   climate goals. It can reduce emissions on a significant scale in both the i...",376,,,"error: ""Could not resolve authentication method. Expected one of api_key, auth_token, or credentials to be set. Or for one of the `X-Api-Key` or `Authorization` headers to be explicitly omitted"""
exxonmobil_5,157,CCUS,"Carbon capture, utilization and storage",104,"Joint declaration on kick-starting CCUS hubs
OR Joint declaration on accelerating the CCUS industry

1. Carbon capture, utilization and storage (CCUS) is an essential part of a broad set of solutions needed to
   create more sustainable low carbon energy and industrial systems in support of the Paris Agreement
   climate goals. It can reduce emissions on a significant scale in both the industrial and power sectors, and
   support the emerg...",377,,,"error: ""Could not resolve authentication method. Expected one of api_key, auth_token, or credentials to be set. Or for one of the `X-Api-Key` or `Authorization` headers to be explicitly omitted"""
exxonmobil_5,157,CCUS,CCUS,145,"Joint declaration on kick-starting CCUS hubs
OR Joint declaration on accelerating the CCUS industry

1. Carbon capture, utilization and storage (CCUS) is an essential part of a broad set of solutions needed to
   create more sustainable low carbon energy and industrial systems in support of the Paris Agreement
   climate goals. It can reduce emissions on a significant scale in both the industrial and power sectors, and
   support the emergence o...",378,,,"error: ""Could not resolve authentication method. Expected one of api_key, auth_token, or credentials to be set. Or for one of the `X-Api-Key` or `Authorization` headers to be explicitly omitted"""
exxonmobil_5,157,CCUS,direct air capture,493,"...utions needed to
   create more sustainable low carbon energy and industrial systems in support of the Paris Agreement
   climate goals. It can reduce emissions on a significant scale in both the industrial and power sectors, and
   support the emergence of key technologies, such as clean hydrogen, direct air capture and biomass with
   CCUS, crucial to meet net zero ambitions.

2. Investment in CCUS must be scaled-up urgently to achieve global climate and energy goals. Accelerating
   CCUS will require governments and industry as well as other stakeholders to work collaboratively to
   develop investable busin...",379,,,"error: ""Could not resolve authentication method. Expected one of api_key, auth_token, or credentials to be set. Or for one of the `X-Api-Key` or `Authorization` headers to be explicitly omitted"""
exxonmobil_5,157,CCUS,CCUS,532,"...able low carbon energy and industrial systems in support of the Paris Agreement
   climate goals. It can reduce emissions on a significant scale in both the industrial and power sectors, and
   support the emergence of key technologies, such as clean hydrogen, direct air capture and biomass with
   CCUS, crucial to meet net zero ambitions.

2. Investment in CCUS must be scaled-up urgently to achieve global climate and energy goals. Accelerating
   CCUS will require governments and industry as well as other stakeholders to work collaboratively to
   develop investable business models.

3. The Clean...",380,,,"error: ""Could not resolve authentication method. Expected one of api_key, auth_token, or credentials to be set. Or for one of the `X-Api-Key` or `Authorization` headers to be explicitly omitted"""
exxonmobil_5,157,CCUS,CCUS,592,"...the Paris Agreement
   climate goals. It can reduce emissions on a significant scale in both the industrial and power sectors, and
   support the emergence of key technologies, such as clean hydrogen, direct air capture and biomass with
   CCUS, crucial to meet net zero ambitions.

2. Investment in CCUS must be scaled-up urgently to achieve global climate and energy goals. Accelerating
   CCUS will require governments and industry as well as other stakeholders to work collaboratively to
   develop investable business models.

3. The Clean Energy Ministerial Carbon Capture, Utilization and Storage...",381,,,"error: ""Could not resolve authentication method. Expected one of api_key, auth_token, or credentials to be set. Or for one of the `X-Api-Key` or `Authorization` headers to be explicitly omitted"""
exxonmobil_5,157,CCUS,CCUS,684,"...the industrial and power sectors, and
   support the emergence of key technologies, such as clean hydrogen, direct air capture and biomass with
   CCUS, crucial to meet net zero ambitions.

2. Investment in CCUS must be scaled-up urgently to achieve global climate and energy goals. Accelerating
   CCUS will require governments and industry as well as other stakeholders to work collaboratively to
   develop investable business models.

3. The Clean Energy Ministerial Carbon Capture, Utilization and Storage Initiative (CEM CCUS Initiative)
   countries and the Oil and Gas Climate Initiative (OGCI)...",382,,,"error: ""Could not resolve authentication method. Expected one of api_key, auth_token, or credentials to be set. Or for one of the `X-Api-Key` or `Authorization` headers to be explicitly omitted"""
exxonmobil_5,157,CCUS,"Carbon Capture, Utilization and Storage",856,"...t zero ambitions.

2. Investment in CCUS must be scaled-up urgently to achieve global climate and energy goals. Accelerating
   CCUS will require governments and industry as well as other stakeholders to work collaboratively to
   develop investable business models.

3. The Clean Energy Ministerial Carbon Capture, Utilization and Storage Initiative (CEM CCUS Initiative)
   countries and the Oil and Gas Climate Initiative (OGCI) member companies support the global development
   of an economically viable, environmentally responsible and safe CCUS industry, and recognise the need for
   strong public-private co-operation in this resp...",383,,,"error: ""Could not resolve authentication method. Expected one of api_key, auth_token, or credentials to be set. Or for one of the `X-Api-Key` or `Authorization` headers to be explicitly omitted"""
exxonmobil_5,157,CCUS,CCUS,912,"...up urgently to achieve global climate and energy goals. Accelerating
   CCUS will require governments and industry as well as other stakeholders to work collaboratively to
   develop investable business models.

3. The Clean Energy Ministerial Carbon Capture, Utilization and Storage Initiative (CEM CCUS Initiative)
   countries and the Oil and Gas Climate Initiative (OGCI) member companies support the global development
   of an economically viable, environmentally responsible and safe CCUS industry, and recognise the need for
   strong public-private co-operation in this respect. At the Tenth Cle...",384,,,"error: ""Could not resolve authentication method. Expected one of api_key, auth_token, or credentials to be set. Or for one of the `X-Api-Key` or `Authorization` headers to be explicitly omitted"""
exxonmobil_5,157,CCUS,CCUS,1103,"...le business models.

3. The Clean Energy Ministerial Carbon Capture, Utilization and Storage Initiative (CEM CCUS Initiative)
   countries and the Oil and Gas Climate Initiative (OGCI) member companies support the global development
   of an economically viable, environmentally responsible and safe CCUS industry, and recognise the need for
   strong public-private co-operation in this respect. At the Tenth Clean Energy Ministerial (CEM 10) in
   Vancouver on 29 May 2019, CEM CCUS Initiative countries and OGCI agreed to explore ways to collaborate
   to accelerate CCUS1. Today, we crystallise our i...",385,,,"error: ""Could not resolve authentication method. Expected one of api_key, auth_token, or credentials to be set. Or for one of the `X-Api-Key` or `Authorization` headers to be explicitly omitted"""
exxonmobil_5,157,CCUS,CCUS,1283,"...GCI) member companies support the global development
   of an economically viable, environmentally responsible and safe CCUS industry, and recognise the need for
   strong public-private co-operation in this respect. At the Tenth Clean Energy Ministerial (CEM 10) in
   Vancouver on 29 May 2019, CEM CCUS Initiative countries and OGCI agreed to explore ways to collaborate
   to accelerate CCUS1. Today, we crystallise our intent to work together to drive strategic CCUS projects and
   hubs2 forward as an initial step in development of an economically, safe and environmentally viable CCUS
   industry....",386,,,"error: ""Could not resolve authentication method. Expected one of api_key, auth_token, or credentials to be set. Or for one of the `X-Api-Key` or `Authorization` headers to be explicitly omitted"""
exxonmobil_5,157,CCUS,CCUS,1449,"...trong public-private co-operation in this respect. At the Tenth Clean Energy Ministerial (CEM 10) in
   Vancouver on 29 May 2019, CEM CCUS Initiative countries and OGCI agreed to explore ways to collaborate
   to accelerate CCUS1. Today, we crystallise our intent to work together to drive strategic CCUS projects and
   hubs2 forward as an initial step in development of an economically, safe and environmentally viable CCUS
   industry.

4. The collaboration between the CEM CCUS Initiative and OGCI aims to facilitate and help develop CCUS hubs
   and major projects worldwide at commercial scale in o...",387,,,"error: ""Could not resolve authentication method. Expected one of api_key, auth_token, or credentials to be set. Or for one of the `X-Api-Key` or `Authorization` headers to be explicitly omitted"""
exxonmobil_5,157,CCUS,CCUS,1570,"...ay 2019, CEM CCUS Initiative countries and OGCI agreed to explore ways to collaborate
   to accelerate CCUS1. Today, we crystallise our intent to work together to drive strategic CCUS projects and
   hubs2 forward as an initial step in development of an economically, safe and environmentally viable CCUS
   industry.

4. The collaboration between the CEM CCUS Initiative and OGCI aims to facilitate and help develop CCUS hubs
   and major projects worldwide at commercial scale in order to catalyse the continued environmentally
   responsible and safe development and deployment of CCUS in CEM CCUS Ini...",388,,,"error: ""Could not resolve authentication method. Expected one of api_key, auth_token, or credentials to be set. Or for one of the `X-Api-Key` or `Authorization` headers to be explicitly omitted"""
exxonmobil_5,157,CCUS,CCUS,1626,"...o explore ways to collaborate
   to accelerate CCUS1. Today, we crystallise our intent to work together to drive strategic CCUS projects and
   hubs2 forward as an initial step in development of an economically, safe and environmentally viable CCUS
   industry.

4. The collaboration between the CEM CCUS Initiative and OGCI aims to facilitate and help develop CCUS hubs
   and major projects worldwide at commercial scale in order to catalyse the continued environmentally
   responsible and safe development and deployment of CCUS in CEM CCUS Initiative countries and others
   identified by OGCI.

5....",389,,,"error: ""Could not resolve authentication method. Expected one of api_key, auth_token, or credentials to be set. Or for one of the `X-Api-Key` or `Authorization` headers to be explicitly omitted"""
exxonmobil_5,157,CCUS,CCUS,1687,"...we crystallise our intent to work together to drive strategic CCUS projects and
   hubs2 forward as an initial step in development of an economically, safe and environmentally viable CCUS
   industry.

4. The collaboration between the CEM CCUS Initiative and OGCI aims to facilitate and help develop CCUS hubs
   and major projects worldwide at commercial scale in order to catalyse the continued environmentally
   responsible and safe development and deployment of CCUS in CEM CCUS Initiative countries and others
   identified by OGCI.

5. CEM CCUS Initiative countries and OGCI member companies inten...",390,,,"error: ""Could not resolve authentication method. Expected one of api_key, auth_token, or credentials to be set. Or for one of the `X-Api-Key` or `Authorization` headers to be explicitly omitted"""
exxonmobil_5,157,CCUS,CCUS,1854,"...mentally viable CCUS
   industry.

4. The collaboration between the CEM CCUS Initiative and OGCI aims to facilitate and help develop CCUS hubs
   and major projects worldwide at commercial scale in order to catalyse the continued environmentally
   responsible and safe development and deployment of CCUS in CEM CCUS Initiative countries and others
   identified by OGCI.

5. CEM CCUS Initiative countries and OGCI member companies intend to explore opportunities to support the
   development of CCUS commercial hubs and projects through the various stages of development. This will
   notably include s...",391,,,"error: ""Could not resolve authentication method. Expected one of api_key, auth_token, or credentials to be set. Or for one of the `X-Api-Key` or `Authorization` headers to be explicitly omitted"""
exxonmobil_5,157,CCUS,CCUS,1866,"...ble CCUS
   industry.

4. The collaboration between the CEM CCUS Initiative and OGCI aims to facilitate and help develop CCUS hubs
   and major projects worldwide at commercial scale in order to catalyse the continued environmentally
   responsible and safe development and deployment of CCUS in CEM CCUS Initiative countries and others
   identified by OGCI.

5. CEM CCUS Initiative countries and OGCI member companies intend to explore opportunities to support the
   development of CCUS commercial hubs and projects through the various stages of development. This will
   notably include sustained dia...",392,,,"error: ""Could not resolve authentication method. Expected one of api_key, auth_token, or credentials to be set. Or for one of the `X-Api-Key` or `Authorization` headers to be explicitly omitted"""
exxonmobil_5,157,CCUS,CCUS,1934,"...tiative and OGCI aims to facilitate and help develop CCUS hubs
   and major projects worldwide at commercial scale in order to catalyse the continued environmentally
   responsible and safe development and deployment of CCUS in CEM CCUS Initiative countries and others
   identified by OGCI.

5. CEM CCUS Initiative countries and OGCI member companies intend to explore opportunities to support the
   development of CCUS commercial hubs and projects through the various stages of development. This will
   notably include sustained dialogue on policy and regulatory frameworks, aiming for commerciality...",393,,,"error: ""Could not resolve authentication method. Expected one of api_key, auth_token, or credentials to be set. Or for one of the `X-Api-Key` or `Authorization` headers to be explicitly omitted"""
exxonmobil_5,157,CCUS,CCUS,2051,"...order to catalyse the continued environmentally
   responsible and safe development and deployment of CCUS in CEM CCUS Initiative countries and others
   identified by OGCI.

5. CEM CCUS Initiative countries and OGCI member companies intend to explore opportunities to support the
   development of CCUS commercial hubs and projects through the various stages of development. This will
   notably include sustained dialogue on policy and regulatory frameworks, aiming for commerciality of
   identified hubs and projects. This could also consider, as appropriate, risk-sharing mechanisms, knowledge
   s...",394,,,"error: ""Could not resolve authentication method. Expected one of api_key, auth_token, or credentials to be set. Or for one of the `X-Api-Key` or `Authorization` headers to be explicitly omitted"""
exxonmobil_5,157,CCUS,CCUS,2605,"...propriate, risk-sharing mechanisms, knowledge
   sharing, management of storage liabilities, corporate and project finance and engagement with civil society.

6. This framework defines a unique opportunity to bring governments and industries together to create viable
   market conditions to advance CCUS and to progress potential CCUS hubs and projects in CEM CCUS
   Initiative countries and others identified by OGCI members, as well as exploring opportunities in developing
   countries as appropriate. In so doing, CEM CCUS Initiative countries and industry members within OGCI
   intend to bring th...",395,,,"error: ""Could not resolve authentication method. Expected one of api_key, auth_token, or credentials to be set. Or for one of the `X-Api-Key` or `Authorization` headers to be explicitly omitted"""
exxonmobil_5,157,CCUS,CCUS,2636,"...sms, knowledge
   sharing, management of storage liabilities, corporate and project finance and engagement with civil society.

6. This framework defines a unique opportunity to bring governments and industries together to create viable
   market conditions to advance CCUS and to progress potential CCUS hubs and projects in CEM CCUS
   Initiative countries and others identified by OGCI members, as well as exploring opportunities in developing
   countries as appropriate. In so doing, CEM CCUS Initiative countries and industry members within OGCI
   intend to bring their respective expertise and su...",396,,,"error: ""Could not resolve authentication method. Expected one of api_key, auth_token, or credentials to be set. Or for one of the `X-Api-Key` or `Authorization` headers to be explicitly omitted"""
exxonmobil_5,157,CCUS,CCUS,2666,"...agement of storage liabilities, corporate and project finance and engagement with civil society.

6. This framework defines a unique opportunity to bring governments and industries together to create viable
   market conditions to advance CCUS and to progress potential CCUS hubs and projects in CEM CCUS
   Initiative countries and others identified by OGCI members, as well as exploring opportunities in developing
   countries as appropriate. In so doing, CEM CCUS Initiative countries and industry members within OGCI
   intend to bring their respective expertise and support to advance potential CCU...",397,,,"error: ""Could not resolve authentication method. Expected one of api_key, auth_token, or credentials to be set. Or for one of the `X-Api-Key` or `Authorization` headers to be explicitly omitted"""
exxonmobil_5,157,CCUS,CCUS,2829,"...ts and industries together to create viable
   market conditions to advance CCUS and to progress potential CCUS hubs and projects in CEM CCUS
   Initiative countries and others identified by OGCI members, as well as exploring opportunities in developing
   countries as appropriate. In so doing, CEM CCUS Initiative countries and industry members within OGCI
   intend to bring their respective expertise and support to advance potential CCUS hubs and projects across
   the globe.

7. This framework is designed to be flexible, and is non-binding and voluntary. CEM CCUS Initiative countries
   and OGCI...",398,,,"error: ""Could not resolve authentication method. Expected one of api_key, auth_token, or credentials to be set. Or for one of the `X-Api-Key` or `Authorization` headers to be explicitly omitted"""
exxonmobil_5,157,CCUS,CCUS,2967,"...CUS
   Initiative countries and others identified by OGCI members, as well as exploring opportunities in developing
   countries as appropriate. In so doing, CEM CCUS Initiative countries and industry members within OGCI
   intend to bring their respective expertise and support to advance potential CCUS hubs and projects across
   the globe.

7. This framework is designed to be flexible, and is non-binding and voluntary. CEM CCUS Initiative countries
   and OGCI member companies recognise that collaboration will take different forms in different
   jurisdictions. Various public-private collaborati...",399,,,"error: ""Could not resolve authentication method. Expected one of api_key, auth_token, or credentials to be set. Or for one of the `X-Api-Key` or `Authorization` headers to be explicitly omitted"""
exxonmobil_5,157,CCUS,CCUS,3096,"...as appropriate. In so doing, CEM CCUS Initiative countries and industry members within OGCI
   intend to bring their respective expertise and support to advance potential CCUS hubs and projects across
   the globe.

7. This framework is designed to be flexible, and is non-binding and voluntary. CEM CCUS Initiative countries
   and OGCI member companies recognise that collaboration will take different forms in different
   jurisdictions. Various public-private collaboration models exist and CEM CCUS Initiative and OGCI will
   discuss their merits in different circumstances and work together to cre...",400,,,"error: ""Could not resolve authentication method. Expected one of api_key, auth_token, or credentials to be set. Or for one of the `X-Api-Key` or `Authorization` headers to be explicitly omitted"""
exxonmobil_5,157,CCUS,CCUS,3295,"...s
   the globe.

7. This framework is designed to be flexible, and is non-binding and voluntary. CEM CCUS Initiative countries
   and OGCI member companies recognise that collaboration will take different forms in different
   jurisdictions. Various public-private collaboration models exist and CEM CCUS Initiative and OGCI will
   discuss their merits in different circumstances and work together to create processes that suit each
   jurisdiction and potential project opportunity.

______________________
1 [ HYPERLINK ""https://www.cleanenergyministerial.org/news-clean-energy-ministerial/clean-energ...",401,,,"error: ""Could not resolve authentication method. Expected one of api_key, auth_token, or credentials to be set. Or for one of the `X-Api-Key` or `Authorization` headers to be explicitly omitted"""
exxonmobil_5,157,CCUS,ccus,3613,"...d OGCI will
   discuss their merits in different circumstances and work together to create processes that suit each
   jurisdiction and potential project opportunity.

______________________
1 [ HYPERLINK ""https://www.cleanenergyministerial.org/news-clean-energy-ministerial/clean-energy-ministerial-ccus-initiative-
   and-oil-gas-climate"" ]
2 “A hub captures carbon dioxide from several industrial complexes and brings economies of scale by sharing transport and storage infrastructure”

 While this framework is non-binding and voluntary, the CEM CCUS countries and OGCI members wish to express their...",402,,,"error: ""Could not resolve authentication method. Expected one of api_key, auth_token, or credentials to be set. Or for one of the `X-Api-Key` or `Authorization` headers to be explicitly omitted"""
exxonmobil_5,157,CCUS,CCUS,3863,"...clean-energy-ministerial/clean-energy-ministerial-ccus-initiative-
   and-oil-gas-climate"" ]
2 “A hub captures carbon dioxide from several industrial complexes and brings economies of scale by sharing transport and storage infrastructure”

 While this framework is non-binding and voluntary, the CEM CCUS countries and OGCI members wish to express their intention to work together as follows:

8. CEM CCUS countries and OGCI companies will identify the potential commercial CCUS hub(s) and project(s) for advancement within this collaboration. This includes identifying key actors to be involved, their p...",403,,,"error: ""Could not resolve authentication method. Expected one of api_key, auth_token, or credentials to be set. Or for one of the `X-Api-Key` or `Authorization` headers to be explicitly omitted"""
exxonmobil_5,157,CCUS,CCUS,3964,"...captures carbon dioxide from several industrial complexes and brings economies of scale by sharing transport and storage infrastructure”

 While this framework is non-binding and voluntary, the CEM CCUS countries and OGCI members wish to express their intention to work together as follows:

8. CEM CCUS countries and OGCI companies will identify the potential commercial CCUS hub(s) and project(s) for advancement within this collaboration. This includes identifying key actors to be involved, their potential responsibilities and roles, as well as the steps in hub/project development. The general rol...",404,,,"error: ""Could not resolve authentication method. Expected one of api_key, auth_token, or credentials to be set. Or for one of the `X-Api-Key` or `Authorization` headers to be explicitly omitted"""
exxonmobil_5,157,CCUS,CCUS,4037,"...nomies of scale by sharing transport and storage infrastructure”

 While this framework is non-binding and voluntary, the CEM CCUS countries and OGCI members wish to express their intention to work together as follows:

8. CEM CCUS countries and OGCI companies will identify the potential commercial CCUS hub(s) and project(s) for advancement within this collaboration. This includes identifying key actors to be involved, their potential responsibilities and roles, as well as the steps in hub/project development. The general roles of both CEM CCUS governments and OGCI members are described as follows...",405,,,"error: ""Could not resolve authentication method. Expected one of api_key, auth_token, or credentials to be set. Or for one of the `X-Api-Key` or `Authorization` headers to be explicitly omitted"""
exxonmobil_5,157,CCUS,CCUS,4283,"...OGCI companies will identify the potential commercial CCUS hub(s) and project(s) for advancement within this collaboration. This includes identifying key actors to be involved, their potential responsibilities and roles, as well as the steps in hub/project development. The general roles of both CEM CCUS governments and OGCI members are described as follows:

a. CEM CCUS Initiative countries' intention is to facilitate CCUS by providing
i. General policy and strategic support for CCUS in their national strategies
ii. Stable and predictable regulatory frameworks
iii. Policy mechanisms needed to unde...",406,,,"error: ""Could not resolve authentication method. Expected one of api_key, auth_token, or credentials to be set. Or for one of the `X-Api-Key` or `Authorization` headers to be explicitly omitted"""
exxonmobil_5,157,CCUS,CCUS,4351,"...d project(s) for advancement within this collaboration. This includes identifying key actors to be involved, their potential responsibilities and roles, as well as the steps in hub/project development. The general roles of both CEM CCUS governments and OGCI members are described as follows:

a. CEM CCUS Initiative countries' intention is to facilitate CCUS by providing
i. General policy and strategic support for CCUS in their national strategies
ii. Stable and predictable regulatory frameworks
iii. Policy mechanisms needed to underpin commerciality of CCUS hubs and projects
iv. Support for, and en...",407,,,"error: ""Could not resolve authentication method. Expected one of api_key, auth_token, or credentials to be set. Or for one of the `X-Api-Key` or `Authorization` headers to be explicitly omitted"""
exxonmobil_5,157,CCUS,CCUS,4405,".... This includes identifying key actors to be involved, their potential responsibilities and roles, as well as the steps in hub/project development. The general roles of both CEM CCUS governments and OGCI members are described as follows:

a. CEM CCUS Initiative countries' intention is to facilitate CCUS by providing
i. General policy and strategic support for CCUS in their national strategies
ii. Stable and predictable regulatory frameworks
iii. Policy mechanisms needed to underpin commerciality of CCUS hubs and projects
iv. Support for, and enablement of, the identified potential CCUS hubs and pr...",408,,,"error: ""Could not resolve authentication method. Expected one of api_key, auth_token, or credentials to be set. Or for one of the `X-Api-Key` or `Authorization` headers to be explicitly omitted"""
exxonmobil_5,157,CCUS,CCUS,4467,"...otential responsibilities and roles, as well as the steps in hub/project development. The general roles of both CEM CCUS governments and OGCI members are described as follows:

a. CEM CCUS Initiative countries' intention is to facilitate CCUS by providing
i. General policy and strategic support for CCUS in their national strategies
ii. Stable and predictable regulatory frameworks
iii. Policy mechanisms needed to underpin commerciality of CCUS hubs and projects
iv. Support for, and enablement of, the identified potential CCUS hubs and projects at national and local levels
b. OGCI members intend to...",409,,,"error: ""Could not resolve authentication method. Expected one of api_key, auth_token, or credentials to be set. Or for one of the `X-Api-Key` or `Authorization` headers to be explicitly omitted"""
exxonmobil_5,157,CCUS,CCUS,4609,"...members are described as follows:

a. CEM CCUS Initiative countries' intention is to facilitate CCUS by providing
i. General policy and strategic support for CCUS in their national strategies
ii. Stable and predictable regulatory frameworks
iii. Policy mechanisms needed to underpin commerciality of CCUS hubs and projects
iv. Support for, and enablement of, the identified potential CCUS hubs and projects at national and local levels
b. OGCI members intend to provide:
i. Technical and business expertise in CCUS development and operation
ii. An understanding of what is needed from an industry perspec...",410,,,"error: ""Could not resolve authentication method. Expected one of api_key, auth_token, or credentials to be set. Or for one of the `X-Api-Key` or `Authorization` headers to be explicitly omitted"""
exxonmobil_5,157,CCUS,CCUS,4693,"...facilitate CCUS by providing
i. General policy and strategic support for CCUS in their national strategies
ii. Stable and predictable regulatory frameworks
iii. Policy mechanisms needed to underpin commerciality of CCUS hubs and projects
iv. Support for, and enablement of, the identified potential CCUS hubs and projects at national and local levels
b. OGCI members intend to provide:
i. Technical and business expertise in CCUS development and operation
ii. An understanding of what is needed from an industry perspective to make CCUS commercially viable
iii. Facilitation of potential corporate finan...",411,,,"error: ""Could not resolve authentication method. Expected one of api_key, auth_token, or credentials to be set. Or for one of the `X-Api-Key` or `Authorization` headers to be explicitly omitted"""
exxonmobil_5,157,CCUS,CCUS,4819,"...dictable regulatory frameworks
iii. Policy mechanisms needed to underpin commerciality of CCUS hubs and projects
iv. Support for, and enablement of, the identified potential CCUS hubs and projects at national and local levels
b. OGCI members intend to provide:
i. Technical and business expertise in CCUS development and operation
ii. An understanding of what is needed from an industry perspective to make CCUS commercially viable
iii. Facilitation of potential corporate financing and investment, as appropriate
iv. Dialogue channels with stakeholders.

9. CEM CCUS countries and OGCI member companies...",412,,,"error: ""Could not resolve authentication method. Expected one of api_key, auth_token, or credentials to be set. Or for one of the `X-Api-Key` or `Authorization` headers to be explicitly omitted"""
exxonmobil_5,157,CCUS,CCUS,4926,"...jects
iv. Support for, and enablement of, the identified potential CCUS hubs and projects at national and local levels
b. OGCI members intend to provide:
i. Technical and business expertise in CCUS development and operation
ii. An understanding of what is needed from an industry perspective to make CCUS commercially viable
iii. Facilitation of potential corporate financing and investment, as appropriate
iv. Dialogue channels with stakeholders.

9. CEM CCUS countries and OGCI member companies will look for opportunities to engage other interested stakeholders, such as emitting industries which may...",413,,,"error: ""Could not resolve authentication method. Expected one of api_key, auth_token, or credentials to be set. Or for one of the `X-Api-Key` or `Authorization` headers to be explicitly omitted"""
exxonmobil_5,157,CCUS,CCUS,5082,"...Technical and business expertise in CCUS development and operation
ii. An understanding of what is needed from an industry perspective to make CCUS commercially viable
iii. Facilitation of potential corporate financing and investment, as appropriate
iv. Dialogue channels with stakeholders.

9. CEM CCUS countries and OGCI member companies will look for opportunities to engage other interested stakeholders, such as emitting industries which may form part of a CCUS hub, banks, investors, governments and technology providers. They will invite them to join the efforts through this collaboration as rel...",414,,,"error: ""Could not resolve authentication method. Expected one of api_key, auth_token, or credentials to be set. Or for one of the `X-Api-Key` or `Authorization` headers to be explicitly omitted"""
exxonmobil_5,157,CCUS,CCUS,5245,"...iable
iii. Facilitation of potential corporate financing and investment, as appropriate
iv. Dialogue channels with stakeholders.

9. CEM CCUS countries and OGCI member companies will look for opportunities to engage other interested stakeholders, such as emitting industries which may form part of a CCUS hub, banks, investors, governments and technology providers. They will invite them to join the efforts through this collaboration as relevant. CEM CCUS countries and OGCI members will regularly review the progress, budget and planning of the collaboration, with the intent to continuously improve it...",415,,,"error: ""Could not resolve authentication method. Expected one of api_key, auth_token, or credentials to be set. Or for one of the `X-Api-Key` or `Authorization` headers to be explicitly omitted"""
exxonmobil_5,157,CCUS,CCUS,5397,"...and OGCI member companies will look for opportunities to engage other interested stakeholders, such as emitting industries which may form part of a CCUS hub, banks, investors, governments and technology providers. They will invite them to join the efforts through this collaboration as relevant. CEM CCUS countries and OGCI members will regularly review the progress, budget and planning of the collaboration, with the intent to continuously improve it.

CEM CCUS countries and OGCI member companies will work together to accelerate the development of key CCUS hubs. The OGCI “Kickstarter” programme will...",416,,,"error: ""Could not resolve authentication method. Expected one of api_key, auth_token, or credentials to be set. Or for one of the `X-Api-Key` or `Authorization` headers to be explicitly omitted"""
exxonmobil_5,157,CCUS,CCUS,5556,"...anks, investors, governments and technology providers. They will invite them to join the efforts through this collaboration as relevant. CEM CCUS countries and OGCI members will regularly review the progress, budget and planning of the collaboration, with the intent to continuously improve it.

CEM CCUS countries and OGCI member companies will work together to accelerate the development of key CCUS hubs. The OGCI “Kickstarter” programme will consider, identify and select suitable hubs. We will start with a preliminary short-list of potential hubs and will continue to screen other opportunities as...",417,,,"error: ""Could not resolve authentication method. Expected one of api_key, auth_token, or credentials to be set. Or for one of the `X-Api-Key` or `Authorization` headers to be explicitly omitted"""
exxonmobil_5,157,CCUS,CCUS,5653,"...through this collaboration as relevant. CEM CCUS countries and OGCI members will regularly review the progress, budget and planning of the collaboration, with the intent to continuously improve it.

CEM CCUS countries and OGCI member companies will work together to accelerate the development of key CCUS hubs. The OGCI “Kickstarter” programme will consider, identify and select suitable hubs. We will start with a preliminary short-list of potential hubs and will continue to screen other opportunities as we progress.

3 The list of potential hubs can be found at www.[website].com

[ PAGE \* MERGEFORM...",418,,,"error: ""Could not resolve authentication method. Expected one of api_key, auth_token, or credentials to be set. Or for one of the `X-Api-Key` or `Authorization` headers to be explicitly omitted"""
exxonmobil_5,157,CCUS,CCUS,6196,"...l hubs can be found at www.[website].com

[ PAGE \* MERGEFORMAT ]

Confidential • Teesside, the UK: The Clean Gas Project (CGP) could be an anchor project that generates low carbon power 
from gas and/or enables industrial decarbonisation, in one of the UK's largest emitter industrial regions. 
CEM CCUS and OGCI member companies will continue project development collaboration via the UK 
government, and progressively identify lessons learned of this mature project and disseminate to other 
hubs.

• Northern Lights, Norway: An open source network for industrial CO₂ sources on the European continent...",419,,,"error: ""Could not resolve authentication method. Expected one of api_key, auth_token, or credentials to be set. Or for one of the `X-Api-Key` or `Authorization` headers to be explicitly omitted"""
exxonmobil_5,157,CCUS,CCUS,6615,"...y identify lessons learned of this mature project and disseminate to other 
hubs.

• Northern Lights, Norway: An open source network for industrial CO₂ sources on the European continent. 
Ship transport will enable a range of point sources to store their CO₂ on the Norwegian Continental Shelf. 
CEM CCUS and OGCI member companies will work to reinforce collaboration with Norwegian government 
to promote the project across the North Sea and enable its development.

• Rotterdam, the Netherlands: A project in which CO₂ generated by industry in Rotterdam’s port area is 
captured and stored in empty gas...",420,,,"error: ""Could not resolve authentication method. Expected one of api_key, auth_token, or credentials to be set. Or for one of the `X-Api-Key` or `Authorization` headers to be explicitly omitted"""
exxonmobil_5,157,CCUS,CCUS,6961,"...inforce collaboration with Norwegian government 
to promote the project across the North Sea and enable its development.

• Rotterdam, the Netherlands: A project in which CO₂ generated by industry in Rotterdam’s port area is 
captured and stored in empty gas fields deep in the North Sea seabed. CEM CCUS and OGCI member 
companies intend to work together to help accelerate and duplicate the Rotterdam project in other areas 
of the Netherlands, including the development of appropriate national policies.

• Gulf Coast, the US: Working to identify large clusters of sources in industrial areas, and sin...",421,,,"error: ""Could not resolve authentication method. Expected one of api_key, auth_token, or credentials to be set. Or for one of the `X-Api-Key` or `Authorization` headers to be explicitly omitted"""
exxonmobil_5,157,CCUS,CCUS,7386,"...of the Netherlands, including the development of appropriate national policies.

• Gulf Coast, the US: Working to identify large clusters of sources in industrial areas, and sinks in the Permian 
basin, together with potential coalition of stakeholders and a favourable regulatory environment. CEM CCUS 
and OGCI member companies aspire to identify and characterize promising hubs in the regions and develop 
the technical and commercial needs to enable their development.

• Xinjiang, China: The Junggar Basin presents key characteristics for CO₂ storage, and is located nearby to 
important emissions...",422,,,"error: ""Could not resolve authentication method. Expected one of api_key, auth_token, or credentials to be set. Or for one of the `X-Api-Key` or `Authorization` headers to be explicitly omitted"""
exxonmobil_5,157,CCUS,CCUS,7704,"...ber companies aspire to identify and characterize promising hubs in the regions and develop 
the technical and commercial needs to enable their development.

• Xinjiang, China: The Junggar Basin presents key characteristics for CO₂ storage, and is located nearby to 
important emissions sources. CEM CCUS and OGCI member companies endeavour to collaborate with 
authorities to set the appropriate regulatory environment and with stakeholders on hubs and project 
identification and feasibility assessment.

As we progress, we will aim to expand our geographical coverage of hubs.",423,,,"error: ""Could not resolve authentication method. Expected one of api_key, auth_token, or credentials to be set. Or for one of the `X-Api-Key` or `Authorization` headers to be explicitly omitted"""
exxonmobil_5,157,Hydrogen,hydrogen,483,"...set of solutions needed to
   create more sustainable low carbon energy and industrial systems in support of the Paris Agreement
   climate goals. It can reduce emissions on a significant scale in both the industrial and power sectors, and
   support the emergence of key technologies, such as clean hydrogen, direct air capture and biomass with
   CCUS, crucial to meet net zero ambitions.

2. Investment in CCUS must be scaled-up urgently to achieve global climate and energy goals. Accelerating
   CCUS will require governments and industry as well as other stakeholders to work collaboratively to
   deve...",424,,,"error: ""Could not resolve authentication method. Expected one of api_key, auth_token, or credentials to be set. Or for one of the `X-Api-Key` or `Authorization` headers to be explicitly omitted"""
exxonmobil_6,158,CCUS,CCS,17669,"...ogen                            |            | ✓       |     | ✓  | ✓       | ✓     | ✓     |
| New Transport fuels                   | ✓          | ✓       | ✓   |    | ✓       | ✓     | ✓     |
| - Biofuels                            | ?          | ✓       | ✓   | ✓  | ✓       | ✓     | ✓     |
| CCS                                   | ✓          | ✓       |     | ✓  | ✓       | ✓     | ✓     |
| Commercial Models                     | ✓          |         |     |    |         |       |       |
| - Elect. Trading/Retail               | ✓          | ✓       |     | ✓  | ✓       | ✓     | ✓     |...",425,,,"error: ""Could not resolve authentication method. Expected one of api_key, auth_token, or credentials to be set. Or for one of the `X-Api-Key` or `Authorization` headers to be explicitly omitted"""
exxonmobil_6,158,CCUS,Carbon Capture,23044,"...technology innovators.

Assessment of Relative Energy Transition Preparedness (RQ3)

Analysis of Strategic Options for creating new and enhancing low-carbon revenue streams 
in the first component of this work revealed the following main levers for implementation:

• R&D and technology deployment
• Carbon Capture & Storage (CCS)
• alternative transport fuels
    o bio-fuels
    o EV charging
    o Hydrogen, gas for transport, Gas-to-Liquids
• renewable power
    o generation
    o expansion along the value chain
        ▪ trading, retail, storage, grid services, off-grid, access to energy
        ▪ integrat...",426,,,"error: ""Could not resolve authentication method. Expected one of api_key, auth_token, or credentials to be set. Or for one of the `X-Api-Key` or `Authorization` headers to be explicitly omitted"""
exxonmobil_6,158,CCUS,CCS,23070,"...sessment of Relative Energy Transition Preparedness (RQ3)

Analysis of Strategic Options for creating new and enhancing low-carbon revenue streams 
in the first component of this work revealed the following main levers for implementation:

• R&D and technology deployment
• Carbon Capture & Storage (CCS)
• alternative transport fuels
    o bio-fuels
    o EV charging
    o Hydrogen, gas for transport, Gas-to-Liquids
• renewable power
    o generation
    o expansion along the value chain
        ▪ trading, retail, storage, grid services, off-grid, access to energy
        ▪ integration and synergi...",427,,,"error: ""Could not resolve authentication method. Expected one of api_key, auth_token, or credentials to be set. Or for one of the `X-Api-Key` or `Authorization` headers to be explicitly omitted"""
exxonmobil_6,158,CCUS,CCS,26881,"...risk profile and expectation of returns.

D. Implementation

7. Portfolio Adjustment:
Portfolio adjustment; moving away from higher carbon intensity assets and increasing its weighting
to low-carbon assets.

8. R&D:
R&D programme; commitment to material spending in low-carbon technology, including CCS.

9. Diversification:
How the company is pursuing new low-carbon lines of business.

10. Extension of the Value Chain:
Pursuing business opportunities extending along the renewables & low-carbon value chain;
deploying new commercial & business models to leverage synergies with legacy businesses.

1...",428,,,"error: ""Could not resolve authentication method. Expected one of api_key, auth_token, or credentials to be set. Or for one of the `X-Api-Key` or `Authorization` headers to be explicitly omitted"""
exxonmobil_6,158,Hydrogen,Hydrogen,17365,"...sport fuels                   | ✓          | ✓       | ✓   | ✓  | ✓       | ✓     | ✓     |
| - BEV charging                        | ✓          |         | ✓   |    | ✓       | ✓     | ✓     |
| New Transport fuels                   |            | ✓       | ✓   |    | ✓       | ✓     | ✓     |
| - Hydrogen                            |            | ✓       |     | ✓  | ✓       | ✓     | ✓     |
| New Transport fuels                   | ✓          | ✓       | ✓   |    | ✓       | ✓     | ✓     |
| - Biofuels                            | ?          | ✓       | ✓   | ✓  | ✓       | ✓     | ✓     |
| CCS...",429,,,"error: ""Could not resolve authentication method. Expected one of api_key, auth_token, or credentials to be set. Or for one of the `X-Api-Key` or `Authorization` headers to be explicitly omitted"""
exxonmobil_6,158,Hydrogen,hydrogen,20805,"...n low-carbon diversification through
these transactions over the past two years or so, potentially more given that not all
transaction financial considerations are disclosed.

Shell’s recently established New Energy division is focused initially on new fuels for
transport, including bio-fuels, gas, hydrogen and battery electric vehicles, as well as
electricity generation, trading and supply, and optimisation of supply and demand, from
wind, solar and natural gas. Further acquisitions and investments have also been made in
storage, mini-grids, distributed energy and off-grid solutions, as Shell seeks t...",430,,,"error: ""Could not resolve authentication method. Expected one of api_key, auth_token, or credentials to be set. Or for one of the `X-Api-Key` or `Authorization` headers to be explicitly omitted"""
exxonmobil_6,158,Hydrogen,hydrogen,22367,"...The company’s R&D programme and its commitment to material R&D spending 
    in low-carbon technologies, demonstration projects and early-stage commercial 
    deployment.
• Diversification:
  o How the company is pursuing new low-carbon lines of business, including 
    transport fuels (bio-fuels, hydrogen, EV charging or other) and renewable 
    power (solar, wind, hydro, geothermal).
• Extension of the Value Chain:
  o How the company is pursuing business opportunities extending along the 
    renewables & low-carbon value chain and deploying new business models.
• Partnership & Venturing:
  o How...",431,,,"error: ""Could not resolve authentication method. Expected one of api_key, auth_token, or credentials to be set. Or for one of the `X-Api-Key` or `Authorization` headers to be explicitly omitted"""
exxonmobil_6,158,Hydrogen,Hydrogen,23145,"...tegic Options for creating new and enhancing low-carbon revenue streams 
in the first component of this work revealed the following main levers for implementation:

• R&D and technology deployment
• Carbon Capture & Storage (CCS)
• alternative transport fuels
    o bio-fuels
    o EV charging
    o Hydrogen, gas for transport, Gas-to-Liquids
• renewable power
    o generation
    o expansion along the value chain
        ▪ trading, retail, storage, grid services, off-grid, access to energy
        ▪ integration and synergies with new and existing businesses
            • customer base, legacy infrastr...",432,,,"error: ""Could not resolve authentication method. Expected one of api_key, auth_token, or credentials to be set. Or for one of the `X-Api-Key` or `Authorization` headers to be explicitly omitted"""
exxonmobil_sept_10,162,CCUS,CCUS,791,"...7:30-9:30am - OGCI Steering Committee

Agenda
1. Welcome and Competition Law briefing; Minutes of 9th of July call – comments; Objective of call
2. Climate Investments Update
3. September CEO Event & Narrative
4. September Announcement package and Statement on responding to the climate challenge
5. CCUS Kickstarter & CCUS CEM OGCI Joint Declaration

ExxonMobil Objectives for CEOSC Meeting
1. Align on objectives and scope of OGCI engagements and CEO events during Climate Week.
2. Incorporate remaining critical edits (summarized below) into September announcements, statements, and annual report. Che...",433,,,"error: ""Could not resolve authentication method. Expected one of api_key, auth_token, or credentials to be set. Or for one of the `X-Api-Key` or `Authorization` headers to be explicitly omitted"""
exxonmobil_sept_10,162,CCUS,CCUS,810,"...Steering Committee

Agenda
1. Welcome and Competition Law briefing; Minutes of 9th of July call – comments; Objective of call
2. Climate Investments Update
3. September CEO Event & Narrative
4. September Announcement package and Statement on responding to the climate challenge
5. CCUS Kickstarter & CCUS CEM OGCI Joint Declaration

ExxonMobil Objectives for CEOSC Meeting
1. Align on objectives and scope of OGCI engagements and CEO events during Climate Week.
2. Incorporate remaining critical edits (summarized below) into September announcements, statements, and annual report. Chevron has expressed...",434,,,"error: ""Could not resolve authentication method. Expected one of api_key, auth_token, or credentials to be set. Or for one of the `X-Api-Key` or `Authorization` headers to be explicitly omitted"""
exxonmobil_sept_10,162,CCUS,CCUS,2986,"...and narrative were worked by OGCI staff, independent of the Communications TF (CTF). Only recently has the CTF been engaged on the details of the announcement and engagement planning.
• OGCI staff initiated negotiations with the Climate Energy Ministerial (CEM) without prior endorsement of ExCom or CCUS WS. They then drafted a joint CEM/OGCI declaration on accelerating the CCUS industry. Member companies have expended significant effort to restructure the initial agreement/declaration to be acceptable to member companies. Further, the initial agreement was drafted without any involvement from the...",435,,,"error: ""Could not resolve authentication method. Expected one of api_key, auth_token, or credentials to be set. Or for one of the `X-Api-Key` or `Authorization` headers to be explicitly omitted"""
exxonmobil_sept_10,162,CCUS,CCUS,3062,"...F (CTF). Only recently has the CTF been engaged on the details of the announcement and engagement planning.
• OGCI staff initiated negotiations with the Climate Energy Ministerial (CEM) without prior endorsement of ExCom or CCUS WS. They then drafted a joint CEM/OGCI declaration on accelerating the CCUS industry. Member companies have expended significant effort to restructure the initial agreement/declaration to be acceptable to member companies. Further, the initial agreement was drafted without any involvement from the CCUS WS or Legal TF.

1 Draft – For Discussion Purposes Only
Privileged and...",436,,,"error: ""Could not resolve authentication method. Expected one of api_key, auth_token, or credentials to be set. Or for one of the `X-Api-Key` or `Authorization` headers to be explicitly omitted"""
exxonmobil_sept_10,162,CCUS,CCUS,3290,"...WS. They then drafted a joint CEM/OGCI declaration on accelerating the CCUS industry. Member companies have expended significant effort to restructure the initial agreement/declaration to be acceptable to member companies. Further, the initial agreement was drafted without any involvement from the CCUS WS or Legal TF.

1 Draft – For Discussion Purposes Only
Privileged and Confidential, Prepared under Supervision of Legal Counsel

 Agenda Item                                   Materials

Agenda Item 1:
1a. Welcome and Competition Law Briefing/Agenda

1b. July 9th Meeting Minutes

Agenda Item 2: Cl...",437,,,"error: ""Could not resolve authentication method. Expected one of api_key, auth_token, or credentials to be set. Or for one of the `X-Api-Key` or `Authorization` headers to be explicitly omitted"""
exxonmobil_sept_10,162,CCUS,CCUS,5394,"...port of OGCI Staff and
format, topics and expectations for CEO         align with ExCom.
engagement. Other companies are 
supportive of the overall approach and 
similar to EM, awaiting details. 

The current list of announcement topics          There is lack of clarity and specificity on 
includes CCUS KickStarter, CI                              the planned engagements around these
Investments, methane progress, ADNOC        topics and narratives. Request that the
joining OGCI, CCS OGCI “Clean Energy               details be worked and finalized with
Ministerial declaration, alignment on...",438,,,"error: ""Could not resolve authentication method. Expected one of api_key, auth_token, or credentials to be set. Or for one of the `X-Api-Key` or `Authorization` headers to be explicitly omitted"""
exxonmobil_sept_10,162,CCUS,CCS,5579,"...details. 

The current list of announcement topics          There is lack of clarity and specificity on 
includes CCUS KickStarter, CI                              the planned engagements around these
Investments, methane progress, ADNOC        topics and narratives. Request that the
joining OGCI, CCS OGCI “Clean Energy               details be worked and finalized with
Ministerial declaration, alignment on                 CTF and ExCom with support from
carbon intensity metrics and statement            OGCI Staff, WS, and TF as appropriate.
on responding to climate challenge.

Methane – Focus o...",439,,,"error: ""Could not resolve authentication method. Expected one of api_key, auth_token, or credentials to be set. Or for one of the `X-Api-Key` or `Authorization` headers to be explicitly omitted"""
exxonmobil_sept_10,162,CCUS,CCUS,6445,"...ent of a specific target be
have submitted 2025 target.  EM is also           removed from all narratives and
working with Chevron on reviewing                   announcements, consistent with prior
industry analysis and comparison vs.               CEO-SC guidance.
2017 baseline carbon intensity.

CCUS KickStarter & CEM Declaration –           Support further refinement at the WS
Narrative and Declaration need further           level.
refinement by WS and review with
ExCom.

Transportation – Need ExCom/CEOSC             Express concern that reduction activities
alignment.  Premature to share 2020...",440,,,"error: ""Could not resolve authentication method. Expected one of api_key, auth_token, or credentials to be set. Or for one of the `X-Api-Key` or `Authorization` headers to be explicitly omitted"""
exxonmobil_sept_10,162,CCUS,CCUS,11100,"...y narrative also
mentions expanding scope to
include the downstream which could
imply that we will commit to a target
for downstream. Members are not
yet aligned on including
downstream in the intensity targets.
OGCI staff advocating for this
language and believes it is consistent
with CEOSC ask.
• CCUS Kickstart narrative needs
refinement by CCUS WS. The

concept of ‘getting five emerging
hubs into operation and capturing a
specified volume’ needs further
discussion at WS and review by
ExCom.

Recommendation for CEOSC
Discussion

Direct OGCI Staff to work with ExCom
and CTF to further enhance and...",441,,,"error: ""Could not resolve authentication method. Expected one of api_key, auth_token, or credentials to be set. Or for one of the `X-Api-Key` or `Authorization` headers to be explicitly omitted"""
exxonmobil_sept_10,162,CCUS,CCUS,11145,"...include the downstream which could
imply that we will commit to a target
for downstream. Members are not
yet aligned on including
downstream in the intensity targets.
OGCI staff advocating for this
language and believes it is consistent
with CEOSC ask.
• CCUS Kickstart narrative needs
refinement by CCUS WS. The

concept of ‘getting five emerging
hubs into operation and capturing a
specified volume’ needs further
discussion at WS and review by
ExCom.

Recommendation for CEOSC
Discussion

Direct OGCI Staff to work with ExCom
and CTF to further enhance and
appropriately align on content.

• Includes...",442,,,"error: ""Could not resolve authentication method. Expected one of api_key, auth_token, or credentials to be set. Or for one of the `X-Api-Key` or `Authorization` headers to be explicitly omitted"""
exxonmobil_sept_10,162,CCUS,CCUS,11905,"...as
approved by CEOSC per Aramco’s
ask during December 2018 CEOSC
meeting, contrary to meeting
minutes. 
Agenda Item

4b. Statement on responding to the climate challenge

Comments reflected here are critical areas. The attachment includes additional EM input on other important areas

Agenda Item 5:
CCUS Kickstarter & CCUS CEM OGCI Joint Declaration

Other Materials

Governance Proposal

Draft Annual Report


Materials

Att2 with remaining EM input


EM Position and Actions

• Need to remove reference to Paris Agreement as support for the Paris Agreement goals and member company advocacy are separa...",443,,,"error: ""Could not resolve authentication method. Expected one of api_key, auth_token, or credentials to be set. Or for one of the `X-Api-Key` or `Authorization` headers to be explicitly omitted"""
exxonmobil_sept_10,162,CCUS,CCUS,11924,"...C per Aramco’s
ask during December 2018 CEOSC
meeting, contrary to meeting
minutes. 
Agenda Item

4b. Statement on responding to the climate challenge

Comments reflected here are critical areas. The attachment includes additional EM input on other important areas

Agenda Item 5:
CCUS Kickstarter & CCUS CEM OGCI Joint Declaration

Other Materials

Governance Proposal

Draft Annual Report


Materials

Att2 with remaining EM input


EM Position and Actions

• Need to remove reference to Paris Agreement as support for the Paris Agreement goals and member company advocacy are separate concepts and are...",444,,,"error: ""Could not resolve authentication method. Expected one of api_key, auth_token, or credentials to be set. Or for one of the `X-Api-Key` or `Authorization` headers to be explicitly omitted"""
exxonmobil_sept_10,162,CCUS,CCS,12701,"...Support for Paris Agreement is already mentioned in Announcement Package.
• Need to remove language that potentially commits members to enhanced climate-related governance, strategy, risk management, and performance metrics and targets; language is not consistent with the Vatican statements.

Att3

CCS OGCI and Clean Energy Ministerial Declaration – Draft Declaration needs further refinement to emphasize the need for supportive policy and economic incentives versus creation of hubs. Will be further refined by CCUS WS.

Att4
Governance changes appears to be more on organization changes as a means...",445,,,"error: ""Could not resolve authentication method. Expected one of api_key, auth_token, or credentials to be set. Or for one of the `X-Api-Key` or `Authorization` headers to be explicitly omitted"""
exxonmobil_sept_10,162,CCUS,CCUS,12916,"...metrics and targets; language is not consistent with the Vatican statements.

Att3

CCS OGCI and Clean Energy Ministerial Declaration – Draft Declaration needs further refinement to emphasize the need for supportive policy and economic incentives versus creation of hubs. Will be further refined by CCUS WS.

Att4
Governance changes appears to be more on organization changes as a means of addressing governance deficiencies. Before proposing a new org structure, there should be appropriate consideration of existing governance and process/personnel gaps. For CI the SIP should be revisited.

Att5
Draf...",446,,,"error: ""Could not resolve authentication method. Expected one of api_key, auth_token, or credentials to be set. Or for one of the `X-Api-Key` or `Authorization` headers to be explicitly omitted"""
exxonmobil_sept_10,162,CCUS,CCUS,13755,"...vocacy with their climate related positions. We have raised concerns with this linkage through our previous comments.

Recommendation for CEOSC Discussion

Direct OGCI Staff to work with ExCom, LTF and CTF to further enhance and appropriately align on content.

Direct OGCI Staff to work with ExCom, CCUS WS, and CTF to further enhance and appropriately align on content.

Current challenges with governance will not be solved by organization changes, but by looking at strategic plan and process to approve decisions.

Proposal for enhancements need to be worked with Legal TF and ExCom.

Insist on alig...",447,,,"error: ""Could not resolve authentication method. Expected one of api_key, auth_token, or credentials to be set. Or for one of the `X-Api-Key` or `Authorization` headers to be explicitly omitted"""
exxonmobil_sept_10,162,CCUS,CCUS,15186,"...:30-9:30am - OGCI Steering Committee

Agenda

1. Welcome and Competition Law briefing; Minutes of 9th of July call - comments; Objective of call
2. Climate Investments Update
3. September CEO Event & Narrative
4. September Announcement package and Statement on responding to the climate challenge
5. CCUS Kickstarter & CCUS CEM OGCI Joint Declaration

ExxonMobil Objectives for CEO SC Meeting

1. Align on objectives and scope of OGCI engagements and CEO events during Climate Week.
2. Incorporate remaining critical edits (summarized below) into September announcements, statements, and annual 
   repor...",448,,,"error: ""Could not resolve authentication method. Expected one of api_key, auth_token, or credentials to be set. Or for one of the `X-Api-Key` or `Authorization` headers to be explicitly omitted"""
exxonmobil_sept_10,162,CCUS,CCUS,15205,"...teering Committee

Agenda

1. Welcome and Competition Law briefing; Minutes of 9th of July call - comments; Objective of call
2. Climate Investments Update
3. September CEO Event & Narrative
4. September Announcement package and Statement on responding to the climate challenge
5. CCUS Kickstarter & CCUS CEM OGCI Joint Declaration

ExxonMobil Objectives for CEO SC Meeting

1. Align on objectives and scope of OGCI engagements and CEO events during Climate Week.
2. Incorporate remaining critical edits (summarized below) into September announcements, statements, and annual 
   report. Chevron has expr...",449,,,"error: ""Could not resolve authentication method. Expected one of api_key, auth_token, or credentials to be set. Or for one of the `X-Api-Key` or `Authorization` headers to be explicitly omitted"""
exxonmobil_sept_10,162,CCUS,CCUS,17549,"...arrative were worked by OGCI staff, independent of the Communications TF (CTF). Only recently has the CTF
  been engaged on the details of the announcement and engagement planning.

• OGCI staff initiated negotiations with the Climate Energy Ministerial (CEM) without prior endorsement of ExCom
  or CCUS WS. They then drafted a joint CEM/OGCI declaration on accelerating the CCUS industry. Member
  companies have expended significant effort to restructure the initial agreement/declaration to be acceptable to
  member companies. Further, the initial agreement was drafted without any involvement from...",450,,,"error: ""Could not resolve authentication method. Expected one of api_key, auth_token, or credentials to be set. Or for one of the `X-Api-Key` or `Authorization` headers to be explicitly omitted"""
exxonmobil_sept_10,162,CCUS,CCUS,17625,"...F). Only recently has the CTF
  been engaged on the details of the announcement and engagement planning.

• OGCI staff initiated negotiations with the Climate Energy Ministerial (CEM) without prior endorsement of ExCom
  or CCUS WS. They then drafted a joint CEM/OGCI declaration on accelerating the CCUS industry. Member
  companies have expended significant effort to restructure the initial agreement/declaration to be acceptable to
  member companies. Further, the initial agreement was drafted without any involvement from the CCUS WS or
  Legal TF.

Background Summary by Agenda Topic
+------------...",451,,,"error: ""Could not resolve authentication method. Expected one of api_key, auth_token, or credentials to be set. Or for one of the `X-Api-Key` or `Authorization` headers to be explicitly omitted"""
exxonmobil_sept_10,162,CCUS,CCUS,17857,"...They then drafted a joint CEM/OGCI declaration on accelerating the CCUS industry. Member
  companies have expended significant effort to restructure the initial agreement/declaration to be acceptable to
  member companies. Further, the initial agreement was drafted without any involvement from the CCUS WS or
  Legal TF.

Background Summary by Agenda Topic
+--------------------+----------------+---------------------------------+--------------------------------+
| Agenda Item        | Materials      | EM Position and Actions         | Recommendation for              |
|                    |...",452,,,"error: ""Could not resolve authentication method. Expected one of api_key, auth_token, or credentials to be set. Or for one of the `X-Api-Key` or `Authorization` headers to be explicitly omitted"""
exxonmobil_sept_10,162,CCUS,CCUS,21223,"...e premature and have not yet been vetted and agreed. A number of these comments have been previously communicated but not yet included in the current drafts.

AttA, P14, Highlights

Att6 GMA

the overall approach and similar to EM, awaiting details.

The current list of announcement topics includes CCUS KickStarter, CI Investments, methane progress, ADNOC joining OGCI, CCS OGCI - Clean Energy Ministerial declaration, alignment on carbon intensity metrics and statement on responding to climate challenge.

Methane – Focus on methane reduction progress and support for engagement on the Global Methane...",453,,,"error: ""Could not resolve authentication method. Expected one of api_key, auth_token, or credentials to be set. Or for one of the `X-Api-Key` or `Authorization` headers to be explicitly omitted"""
exxonmobil_sept_10,162,CCUS,CCS,21295,"...omments have been previously communicated but not yet included in the current drafts.

AttA, P14, Highlights

Att6 GMA

the overall approach and similar to EM, awaiting details.

The current list of announcement topics includes CCUS KickStarter, CI Investments, methane progress, ADNOC joining OGCI, CCS OGCI - Clean Energy Ministerial declaration, alignment on carbon intensity metrics and statement on responding to climate challenge.

Methane – Focus on methane reduction progress and support for engagement on the Global Methane Alliance (GMA). EM supports this engagement.

Carbon Intensity metric...",454,,,"error: ""Could not resolve authentication method. Expected one of api_key, auth_token, or credentials to be set. Or for one of the `X-Api-Key` or `Authorization` headers to be explicitly omitted"""
exxonmobil_sept_10,162,CCUS,CCUS,21795,"...engagement on the Global Methane Alliance (GMA). EM supports this engagement.

Carbon Intensity metric – This table on P14 mentions the fact that 11 members have submitted 2025 target. EM is also working with Chevron on reviewing industry analysis and comparison vs. 2017 baseline carbon intensity.

CCUS Kickstarter & CEM Declaration - Narrative and Declaration need further refinement by WS and review with ExCom.

Transportation – Need ExCom/CEOSC alignment. Premature to share 2020 GHG reduction plan at Climate Week.

Att7 NCS Alliance

There is lack of clarity and specificity on the planned engage...",455,,,"error: ""Could not resolve authentication method. Expected one of api_key, auth_token, or credentials to be set. Or for one of the `X-Api-Key` or `Authorization` headers to be explicitly omitted"""
exxonmobil_sept_10,162,CCUS,CCUS,24299,"...in the intensity targets. OGCI staff advocating for this language and believes it is consistent with CEOSC’s ask.

Recommendation for CEOSC Discussion

Direct OGCI Staff to work with ExCom and CTF to further enhance and appropriately align on content.
 input on other important areas

Agenda Item 5:
CCUS Kickstarter &
CCUS CEM OGCI Joint
Declaration

Other Materials
Governance Proposal

Draft Annual Report

Att3
Att4

create a potential commitment to advocate on the Paris Agreement goals. Support for Paris Agreement is already mentioned in Announcement Package.
•
Need to remove language that potent...",456,,,"error: ""Could not resolve authentication method. Expected one of api_key, auth_token, or credentials to be set. Or for one of the `X-Api-Key` or `Authorization` headers to be explicitly omitted"""
exxonmobil_sept_10,162,CCUS,CCUS,24318,"...rgets. OGCI staff advocating for this language and believes it is consistent with CEOSC’s ask.

Recommendation for CEOSC Discussion

Direct OGCI Staff to work with ExCom and CTF to further enhance and appropriately align on content.
 input on other important areas

Agenda Item 5:
CCUS Kickstarter &
CCUS CEM OGCI Joint
Declaration

Other Materials
Governance Proposal

Draft Annual Report

Att3
Att4

create a potential commitment to advocate on the Paris Agreement goals. Support for Paris Agreement is already mentioned in Announcement Package.
•
Need to remove language that potentially commits membe...",457,,,"error: ""Could not resolve authentication method. Expected one of api_key, auth_token, or credentials to be set. Or for one of the `X-Api-Key` or `Authorization` headers to be explicitly omitted"""
exxonmobil_sept_10,162,CCUS,CCS,24786,"...oals. Support for Paris Agreement is already mentioned in Announcement Package.
•
Need to remove language that potentially commits members to enhanced climate-related governance, strategy, risk management, and performance metrics and targets; language is not consistent with the Vatican statements.

CCS OGCI and Clean Energy Ministerial Declaration - Draft Declaration needs further refinement to emphasize the need for supportive policy and economic incentives versus creation of hubs. Will be further refined by CCUS WS.

This proposal has not been vetted with ExCom nor Legal TF. Proposed Governance...",458,,,"error: ""Could not resolve authentication method. Expected one of api_key, auth_token, or credentials to be set. Or for one of the `X-Api-Key` or `Authorization` headers to be explicitly omitted"""
exxonmobil_sept_10,162,CCUS,CCUS,25001,"...rmance metrics and targets; language is not consistent with the Vatican statements.

CCS OGCI and Clean Energy Ministerial Declaration - Draft Declaration needs further refinement to emphasize the need for supportive policy and economic incentives versus creation of hubs. Will be further refined by CCUS WS.

This proposal has not been vetted with ExCom nor Legal TF. Proposed Governance changes appears to be more on organization changes as a means of addressing governance deficiencies. Before proposing a new org structure, there should be appropriate consideration of existing governance and process...",459,,,"error: ""Could not resolve authentication method. Expected one of api_key, auth_token, or credentials to be set. Or for one of the `X-Api-Key` or `Authorization` headers to be explicitly omitted"""
exxonmobil_sept_10,162,CCUS,CCUS,25429,"...ion changes as a means of addressing governance deficiencies. Before proposing a new org structure, there should be appropriate consideration of existing governance and process/personnel gaps. For CI the SIP should be revisited.

Att5 Draft3 with EM comments



Direct OGCI Staff to work with ExCom, CCUS WS, and CTF to further enhance and appropriately align on content.

Current challenges with governance will not be solved by organization design, but by looking at strategic plan and process to approve decisions.

Proposal for enhancements need to be worked with Legal TF and ExCom.

Draft4 under re...",460,,,"error: ""Could not resolve authentication method. Expected one of api_key, auth_token, or credentials to be set. Or for one of the `X-Api-Key` or `Authorization` headers to be explicitly omitted"""
exxonmobil_sept_10,162,CCUS,CCUS,27429,"...:30–9:30am - OGCI Steering Committee

Agenda

1. Welcome and Competition Law briefing; Minutes of 9th of July call – comments; Objective of call
2. Climate Investments Update
3. September CEO Event & Narrative
4. September Announcement package and Statement on responding to the climate challenge
5. CCUS Kickstarter & CCUS CEM OGCI Joint Declaration

ExxonMobil Objectives for CEO SC Meeting

1. Emphasize that lack of effective governance continues to pose significant challenges for effective decision-making and causes
efficiencies. Ensure that proposals developed by OGCI Staff, including recommenda...",461,,,"error: ""Could not resolve authentication method. Expected one of api_key, auth_token, or credentials to be set. Or for one of the `X-Api-Key` or `Authorization` headers to be explicitly omitted"""
exxonmobil_sept_10,162,CCUS,CCUS,27448,"...teering Committee

Agenda

1. Welcome and Competition Law briefing; Minutes of 9th of July call – comments; Objective of call
2. Climate Investments Update
3. September CEO Event & Narrative
4. September Announcement package and Statement on responding to the climate challenge
5. CCUS Kickstarter & CCUS CEM OGCI Joint Declaration

ExxonMobil Objectives for CEO SC Meeting

1. Emphasize that lack of effective governance continues to pose significant challenges for effective decision-making and causes
efficiencies. Ensure that proposals developed by OGCI Staff, including recommendations for governanc...",462,,,"error: ""Could not resolve authentication method. Expected one of api_key, auth_token, or credentials to be set. Or for one of the `X-Api-Key` or `Authorization` headers to be explicitly omitted"""
exxonmobil_sept_10,162,CCUS,CCUS,29001,"...nt (which is now the “Statement on Responding to the Climate Challenge and Stakeholder
  Engagement”), OGCI staff appended the language beyond the Vatican statements, contrary to CEOSC guidance from the July 9th call.
- OGCI and Climate Change Ministerial (CEM) joint declaration on accelerating the CCUS industry has been worked outside of CCUS WS.
- Other members experience similar, ‘no action’ response on multiple iterations of feedback.
- On the evolving content of the draft announcements and statements, OGCI staff declared Excom approval without casting a formal vote by
  Excom to consider chan...",463,,,"error: ""Could not resolve authentication method. Expected one of api_key, auth_token, or credentials to be set. Or for one of the `X-Api-Key` or `Authorization` headers to be explicitly omitted"""
exxonmobil_sept_10,162,CCUS,CCUS,29042,"...ding to the Climate Challenge and Stakeholder
  Engagement”), OGCI staff appended the language beyond the Vatican statements, contrary to CEOSC guidance from the July 9th call.
- OGCI and Climate Change Ministerial (CEM) joint declaration on accelerating the CCUS industry has been worked outside of CCUS WS.
- Other members experience similar, ‘no action’ response on multiple iterations of feedback.
- On the evolving content of the draft announcements and statements, OGCI staff declared Excom approval without casting a formal vote by
  Excom to consider changes provided since the June Excom meeting...",464,,,"error: ""Could not resolve authentication method. Expected one of api_key, auth_token, or credentials to be set. Or for one of the `X-Api-Key` or `Authorization` headers to be explicitly omitted"""
exxonmobil_sept_10,162,CCUS,CCUS,30982,"...ary

AttA, P14,
Highlights

EM is supportive of the overall event
agenda but awaits additional details on
format, topics and expectations for CEO
engagement. Other companies are
supportive of the overall approach and
similar to EM, awaiting details.

The current list of announcement topics
includes CCUS KickStarter, CI
Investments, methane progress, ADIPEC
joining OGCI, CCS OGCI - Clean Energy
Ministerial declaration, alignment on
carbon intensity metrics and statement on
responding to climate change.

Methane – Focus on methane reduction
progress and support for engagement on the
Global Methane A...",465,,,"error: ""Could not resolve authentication method. Expected one of api_key, auth_token, or credentials to be set. Or for one of the `X-Api-Key` or `Authorization` headers to be explicitly omitted"""
exxonmobil_sept_10,162,CCUS,CCS,31055,"...but awaits additional details on
format, topics and expectations for CEO
engagement. Other companies are
supportive of the overall approach and
similar to EM, awaiting details.

The current list of announcement topics
includes CCUS KickStarter, CI
Investments, methane progress, ADIPEC
joining OGCI, CCS OGCI - Clean Energy
Ministerial declaration, alignment on
carbon intensity metrics and statement on
responding to climate change.

Methane – Focus on methane reduction
progress and support for engagement on the
Global Methane Alliance. EM supports this
engagement.

Carbon intensity metric – This ta...",466,,,"error: ""Could not resolve authentication method. Expected one of api_key, auth_token, or credentials to be set. Or for one of the `X-Api-Key` or `Authorization` headers to be explicitly omitted"""
exxonmobil_sept_10,162,CCUS,CCUS,31464,"...nding to climate change.

Methane – Focus on methane reduction
progress and support for engagement on the
Global Methane Alliance. EM supports this
engagement.

Carbon intensity metric – This table on P14
mentions the fact that EM members have
submitted 2025 target. EM reviewing
industry analysis.

CCUS Kickstarter & CEM Declaration –
Narrative and Declaration need further
refinement by WS and review with ExCom.

Transportation – Need Excom/OGCI
alignment. Premature to share reduction
plan at Climate Week.

Natural Climate Solutions – Need to
understand what about the NCS Alliance
will be announce...",467,,,"error: ""Could not resolve authentication method. Expected one of api_key, auth_token, or credentials to be set. Or for one of the `X-Api-Key` or `Authorization` headers to be explicitly omitted"""
exxonmobil_sept_12,163,CCUS,CCS,919,"...ey takeaways:

  * 2 deg C scenarios would require unprecedented gains in efficiency ████ transformation of the global energy
    system
  * We do not currently see a policy framework, finance flows, or ████████████ supportive of this
    rapid, unprecedented transformation of the energy system
  * CCS and biofuels are important enabling technologies for all low ca████████████ś

Happy to discuss. Pete.

Pete Trelenberg
Manager Environmental Policy & Planning
Exxon Mobil Corporation
Phone █████████████
Fax    ██████
Cell   ██████",468,,,"error: ""Could not resolve authentication method. Expected one of api_key, auth_token, or credentials to be set. Or for one of the `X-Api-Key` or `Authorization` headers to be explicitly omitted"""
exxonmobil_sept_13,164,CCUS,CCS,619,"...sions avoided. The chart below is the one used in the
Energy and Carbon Summary that you referenced. The basis used (driven by data available at the time)
was:

• <!--[if !supportLists]--><!--[endif]-->Energy efficiency / Cogen and Flare reduction since 2007
• <!--[if !supportLists]--><!--[endif]-->CCS since 2011

<image001.png>

The data used in the chart above is not in the table below. We quickly laid hands on 2007 for Efficiency / cogen & Flare reduction). As you can see, we now have the history back to 2008.

Note that we have not yet publicly commented on data for 2017 on GHG avoidance, nor...",469,,,"error: ""Could not resolve authentication method. Expected one of api_key, auth_token, or credentials to be set. Or for one of the `X-Api-Key` or `Authorization` headers to be explicitly omitted"""
exxonmobil_sept_13,164,CCUS,CCS,926,"...ce 2011

<image001.png>

The data used in the chart above is not in the table below. We quickly laid hands on 2007 for Efficiency / cogen & Flare reduction). As you can see, we now have the history back to 2008.

Note that we have not yet publicly commented on data for 2017 on GHG avoidance, nor on CCS from
2008 – 2011.

CO2 Annual Avoidance (2008-2017) MTonnes CO2e, including CCS

<image002.png>

CO2 Cumulative Avoidance (2008-2017) MTonnes CO2e, including CCS

<image003.png>

So as I see it there are two options for how to respond to a query:

• <!--[if !supportLists]--><!--[endif]-->As we note...",470,,,"error: ""Could not resolve authentication method. Expected one of api_key, auth_token, or credentials to be set. Or for one of the `X-Api-Key` or `Authorization` headers to be explicitly omitted"""
exxonmobil_sept_13,164,CCUS,CCS,1006,"...low. We quickly laid hands on 2007 for Efficiency / cogen & Flare reduction). As you can see, we now have the history back to 2008.

Note that we have not yet publicly commented on data for 2017 on GHG avoidance, nor on CCS from
2008 – 2011.

CO2 Annual Avoidance (2008-2017) MTonnes CO2e, including CCS

<image002.png>

CO2 Cumulative Avoidance (2008-2017) MTonnes CO2e, including CCS

<image003.png>

So as I see it there are two options for how to respond to a query:

• <!--[if !supportLists]--><!--[endif]-->As we noted in the Energy and Carbon Summary published
earlier this year, ExxonMobil has t...",471,,,"error: ""Could not resolve authentication method. Expected one of api_key, auth_token, or credentials to be set. Or for one of the `X-Api-Key` or `Authorization` headers to be explicitly omitted"""
exxonmobil_sept_13,164,CCUS,CCS,1088,"...ou can see, we now have the history back to 2008.

Note that we have not yet publicly commented on data for 2017 on GHG avoidance, nor on CCS from
2008 – 2011.

CO2 Annual Avoidance (2008-2017) MTonnes CO2e, including CCS

<image002.png>

CO2 Cumulative Avoidance (2008-2017) MTonnes CO2e, including CCS

<image003.png>

So as I see it there are two options for how to respond to a query:

• <!--[if !supportLists]--><!--[endif]-->As we noted in the Energy and Carbon Summary published
earlier this year, ExxonMobil has taken action to reduce GHG emissions by approximately 55
million tons from 2008 – 2...",472,,,"error: ""Could not resolve authentication method. Expected one of api_key, auth_token, or credentials to be set. Or for one of the `X-Api-Key` or `Authorization` headers to be explicitly omitted"""
exxonmobil_sept_14,165,CCUS,carbon capture and storage,2506,"...r 20, 2018 10:17:36 AM
To: Matusic, Karen
Subject: Important ExxonMobil climate initiative ██████████████ouncement

Good morning
Today ExxonMobil announced its █████████ joining the Oil and Gas Climate Initiative. The CEO-led organization focuses on developing practical solutions in areas including carbon capture and storage, methane emissions reductions and energy and transportation efficiency. As part of the initiative, ExxonMobil will expand its investment in research and development of long-term solutions to reduce greenhouse gas emissions as well as partnerships and multi-stakeholder initiatives that will pursue l...",473,,,"error: ""Could not resolve authentication method. Expected one of api_key, auth_token, or credentials to be set. Or for one of the `X-Api-Key` or `Authorization` headers to be explicitly omitted"""
exxonmobil_sept_15,166,CCUS,Carbon capture,985,"...X 75039

Office ██████
Mobile, ██████

Visit ExxonMobil’s Energy Factor, an online resource covering the cutting-edge technology and innovations that are helping to meet tomorrow’s energy needs.

 There's a lot of science happening 
right in your backyard.

Next-generation biofuels made from algae. Carbon capture on a 
mass scale. High-efficiency engine lubricants. These are just a few of 
the technologies being developed right here in Jersey at ExxonMobil’s 
Research and Engineering facilities. With over 400 labs and nearly 
100 pilot plants on 800 acres in New Jersey, much of our research on 
reducing the...",474,,,"error: ""Could not resolve authentication method. Expected one of api_key, auth_token, or credentials to be set. Or for one of the `X-Api-Key` or `Authorization` headers to be explicitly omitted"""
exxonmobil_sept_15,166,CCUS,carbon capture,2706,"...egular A scientific reason to
feel some Jersey pride.

Since 1970, the scientists and engineers at ExxonMobil have
contributed to nearly 30,000 patents for innovations in fields
across our industry. Along with inventions to produce cleaner
fuels, we continue to actively develop technologies such as
carbon capture on a mass scale, next-generation biofuels
made from algae, and high-efficiency engine lubricants.
These are just a few of the technologies we’re researching
to reduce emissions on a global scale — and many of them
are happening right here in Jersey.

ExxonMobil
Energy lives here

eg+ worldwide",475,,,"error: ""Could not resolve authentication method. Expected one of api_key, auth_token, or credentials to be set. Or for one of the `X-Api-Key` or `Authorization` headers to be explicitly omitted"""
exxonmobil_sept_15,166,Biofuels,algae,978,"...ving, TX 75039

Office ██████
Mobile, ██████

Visit ExxonMobil’s Energy Factor, an online resource covering the cutting-edge technology and innovations that are helping to meet tomorrow’s energy needs.

 There's a lot of science happening 
right in your backyard.

Next-generation biofuels made from algae. Carbon capture on a 
mass scale. High-efficiency engine lubricants. These are just a few of 
the technologies being developed right here in Jersey at ExxonMobil’s 
Research and Engineering facilities. With over 400 labs and nearly 
100 pilot plants on 800 acres in New Jersey, much of our research...",476,,,"error: ""Could not resolve authentication method. Expected one of api_key, auth_token, or credentials to be set. Or for one of the `X-Api-Key` or `Authorization` headers to be explicitly omitted"""
exxonmobil_sept_15,166,Biofuels,algae,2773,"...the scientists and engineers at ExxonMobil have
contributed to nearly 30,000 patents for innovations in fields
across our industry. Along with inventions to produce cleaner
fuels, we continue to actively develop technologies such as
carbon capture on a mass scale, next-generation biofuels
made from algae, and high-efficiency engine lubricants.
These are just a few of the technologies we’re researching
to reduce emissions on a global scale — and many of them
are happening right here in Jersey.

ExxonMobil
Energy lives here

eg+ worldwide",477,,,"error: ""Could not resolve authentication method. Expected one of api_key, auth_token, or credentials to be set. Or for one of the `X-Api-Key` or `Authorization` headers to be explicitly omitted"""
exxonmobil_sept_16,167,CCUS,CCS,3491,"...ve more editorial options
when we build the spots in edit. Sometimes we might need more ExxonMobil identity and you will see
we've added that in more. Also we have added context on the Unexpected Jobs so in some of the
examples what we are talking about is more closely aligned to our business.

For CCS we have added an alt section that mentions the fuel cell technology. Don’t know if we will use it
but we wanted to capture it.

The intent here is to keep all these alt lines as we go into the shoot - so I wanted to run them by you to
ensure no exception. The bold text is the previously endorsed sc...",478,,,"error: ""Could not resolve authentication method. Expected one of api_key, auth_token, or credentials to be set. Or for one of the `X-Api-Key` or `Authorization` headers to be explicitly omitted"""
exxonmobil_sept_16,167,CCUS,CCS,7100,"...of people think we just make the gas. When you work at ExxonMobil, you get a lot of that. (TWO: hmmmm... Supposed to be funny I know but don’t want to suggest that a lot of people are ignorant.)

[ALT 3] A lot of people think ExxonMobil just makes the gas. We get a lot of that.

Energy lives here. ""CCS""

Curiosity.

Determination.

Confidence.

It’s important to reduce emissions. 
   [ALT] At ExxonMobil, we believe it’s important to reduce emissions.

It will take our brightest minds to find answers. (TWO: suggest we say ""more answers"" since we have been finding ways to reduce various sources/typ...",479,,,"error: ""Could not resolve authentication method. Expected one of api_key, auth_token, or credentials to be set. Or for one of the `X-Api-Key` or `Authorization` headers to be explicitly omitted"""
exxonmobil_sept_16,167,CCUS,Carbon Capture,7600,"...wers. (TWO: suggest we say ""more answers"" since we have been finding ways to reduce various sources/types of emissions for quite some time)

I’m working on ways to address it. 
   [ALT] We’ve been working for years on ways to address it. (TWO: suggest ""for years to improve our options/technology"")

Carbon Capture technology.

We can capture the carbon emissions before they’re released in to the atmosphere.

I want to make that technology better.

Affordable.

So it can be used around the world.

That’s what I want to do.

Solve problems that haven’t been solved before.

Make the next big breakthrough.
   [A...",480,,,"error: ""Could not resolve authentication method. Expected one of api_key, auth_token, or credentials to be set. Or for one of the `X-Api-Key` or `Authorization` headers to be explicitly omitted"""
exxonmobil_sept_16,167,Biofuels,algae,912,"...the research folks who know that.

Neely Nelson
URC & EMRE Public & Gov’t Affairs Manager 

From: Mizan, Tahmid I
Sent: Friday, April 29, 2016 5:01 PM
To: Snow, Angela K; Nelson, Neely S; Onderdonk, Todd W █████████████████
Cc: Rodgers, Abigail L
Subject: RE: Updated TV Scripts

Could try “growing algae for biofuels” or “finding the algae that will make abundant and cheap biofuels”

Tahmid Mizan
Senior Technology Advisor
Corporate Strategic Planning, Exxon Mobil Corporation
5959 Las Colinas Boulevard, Irving, TX 75039-2298  ███████
Email: ███████████ Phone:█

From: Snow, Angela K
Sent: Friday, Apr...",481,,,"error: ""Could not resolve authentication method. Expected one of api_key, auth_token, or credentials to be set. Or for one of the `X-Api-Key` or `Authorization` headers to be explicitly omitted"""
exxonmobil_sept_16,167,Biofuels,algae,948,"...Neely Nelson
URC & EMRE Public & Gov’t Affairs Manager 

From: Mizan, Tahmid I
Sent: Friday, April 29, 2016 5:01 PM
To: Snow, Angela K; Nelson, Neely S; Onderdonk, Todd W █████████████████
Cc: Rodgers, Abigail L
Subject: RE: Updated TV Scripts

Could try “growing algae for biofuels” or “finding the algae that will make abundant and cheap biofuels”

Tahmid Mizan
Senior Technology Advisor
Corporate Strategic Planning, Exxon Mobil Corporation
5959 Las Colinas Boulevard, Irving, TX 75039-2298  ███████
Email: ███████████ Phone:█

From: Snow, Angela K
Sent: Friday, April 29, 2016 4:58 PM
To: Nelson, Neel...",482,,,"error: ""Could not resolve authentication method. Expected one of api_key, auth_token, or credentials to be set. Or for one of the `X-Api-Key` or `Authorization` headers to be explicitly omitted"""
exxonmobil_sept_16,167,Biofuels,algae,1452,"...mail: ███████████ Phone:█

From: Snow, Angela K
Sent: Friday, April 29, 2016 4:58 PM
To: Nelson, Neely S ██████████████ Onderdonk, Todd W ████████████████
Mizan, Tahmid I █████
Cc: Rodgers, Abigail L
Subject: RE: Updated TV Scripts

The point we wanted to make is that there is an abundance/a lot of algae…

From: Nelson, Neely S
Sent: Friday, April 29, 2016 4:38 PM
To: Snow, Angela K ██████████████ Onderdonk, Todd W ████████████████
Mizan, Tahmid I █████
Cc: Rodgers, Abigail L
Subject: RE: Updated TV Scripts

Angela -- That word has some different connotations as I think what you are trying to get a...",483,,,"error: ""Could not resolve authentication method. Expected one of api_key, auth_token, or credentials to be set. Or for one of the `X-Api-Key` or `Authorization` headers to be explicitly omitted"""
exxonmobil_sept_16,167,Biofuels,algae,1826,"...w, Angela K ██████████████ Onderdonk, Todd W ████████████████
Mizan, Tahmid I █████
Cc: Rodgers, Abigail L
Subject: RE: Updated TV Scripts

Angela -- That word has some different connotations as I think what you are trying to get across is the efficiency piece
(we are wanting to get more out of the algae...with photosynthesis, genetics, etc.). Could we say something like
“researching ways to make algae into more efficient biofuels”?

Neely Nelson
 From: Snow, Angela K
Sent: Friday, April 29, 2016 4:33 PM
To: Onderdonk, Todd W; Mizan, Tahmid I; Nelson, Neely S
Cc: Rodgers, Abigail L
Subject: RE: Upd...",484,,,"error: ""Could not resolve authentication method. Expected one of api_key, auth_token, or credentials to be set. Or for one of the `X-Api-Key` or `Authorization` headers to be explicitly omitted"""
exxonmobil_sept_16,167,Biofuels,algae,1926,"...gail L
Subject: RE: Updated TV Scripts

Angela -- That word has some different connotations as I think what you are trying to get across is the efficiency piece
(we are wanting to get more out of the algae...with photosynthesis, genetics, etc.). Could we say something like
“researching ways to make algae into more efficient biofuels”?

Neely Nelson
 From: Snow, Angela K
Sent: Friday, April 29, 2016 4:33 PM
To: Onderdonk, Todd W; Mizan, Tahmid I; Nelson, Neely S
Cc: Rodgers, Abigail L
Subject: RE: Updated TV Scripts

Thanks Todd.

Tahmid – on the Algae line we’d also like to add “researching ways to...",485,,,"error: ""Could not resolve authentication method. Expected one of api_key, auth_token, or credentials to be set. Or for one of the `X-Api-Key` or `Authorization` headers to be explicitly omitted"""
exxonmobil_sept_16,167,Biofuels,Algae,2178,"...we say something like
“researching ways to make algae into more efficient biofuels”?

Neely Nelson
 From: Snow, Angela K
Sent: Friday, April 29, 2016 4:33 PM
To: Onderdonk, Todd W; Mizan, Tahmid I; Nelson, Neely S
Cc: Rodgers, Abigail L
Subject: RE: Updated TV Scripts

Thanks Todd.

Tahmid – on the Algae line we’d also like to add “researching ways to turn abundant algae into biofuels.” Is it ok to also
capture it that way? (Neely cc’ing you in on this too – ok to add abundant?)

Also, for the added engine efficiency line we’d like to also capture “Engines with far greater efficiency” and wanted to...",486,,,"error: ""Could not resolve authentication method. Expected one of api_key, auth_token, or credentials to be set. Or for one of the `X-Api-Key` or `Authorization` headers to be explicitly omitted"""
exxonmobil_sept_16,167,Biofuels,algae,2246,"...cient biofuels”?

Neely Nelson
 From: Snow, Angela K
Sent: Friday, April 29, 2016 4:33 PM
To: Onderdonk, Todd W; Mizan, Tahmid I; Nelson, Neely S
Cc: Rodgers, Abigail L
Subject: RE: Updated TV Scripts

Thanks Todd.

Tahmid – on the Algae line we’d also like to add “researching ways to turn abundant algae into biofuels.” Is it ok to also
capture it that way? (Neely cc’ing you in on this too – ok to add abundant?)

Also, for the added engine efficiency line we’d like to also capture “Engines with far greater efficiency” and wanted to
ensure that is ok.

Thanks


From: Onderdonk, Todd W
Sent: Friday,...",487,,,"error: ""Could not resolve authentication method. Expected one of api_key, auth_token, or credentials to be set. Or for one of the `X-Api-Key` or `Authorization` headers to be explicitly omitted"""
exxonmobil_sept_16,167,Biofuels,algae,4705,"...ing world.

Protecting biodiversity
[ALT] Protecting the biodiversity around our operations.
[ALT] Protecting biodiversity in areas where we operate.

Supporting local communities
[ALT] Supporting local communities where we work
[ALT] Supporting local communities where we work and live

Researching algae biofuels
[ALT] Turning algae into biofuels. (TWO: maybe ""Using algae for biofuels"")
[ALT] Making biofuels from algae.
[ALT] Exploring biofuels made from algae. (TWO: ""Researching biofuels made from algae"")

Supporting math and science education.

Reducing energy poverty in the developing world.
[AL...",488,,,"error: ""Could not resolve authentication method. Expected one of api_key, auth_token, or credentials to be set. Or for one of the `X-Api-Key` or `Authorization` headers to be explicitly omitted"""
exxonmobil_sept_16,167,Biofuels,algae,4734,"...ersity
[ALT] Protecting the biodiversity around our operations.
[ALT] Protecting biodiversity in areas where we operate.

Supporting local communities
[ALT] Supporting local communities where we work
[ALT] Supporting local communities where we work and live

Researching algae biofuels
[ALT] Turning algae into biofuels. (TWO: maybe ""Using algae for biofuels"")
[ALT] Making biofuels from algae.
[ALT] Exploring biofuels made from algae. (TWO: ""Researching biofuels made from algae"")

Supporting math and science education.

Reducing energy poverty in the developing world.
[ALT] Reducing energy poverty in...",489,,,"error: ""Could not resolve authentication method. Expected one of api_key, auth_token, or credentials to be set. Or for one of the `X-Api-Key` or `Authorization` headers to be explicitly omitted"""
exxonmobil_sept_16,167,Biofuels,algae,4774,"...around our operations.
[ALT] Protecting biodiversity in areas where we operate.

Supporting local communities
[ALT] Supporting local communities where we work
[ALT] Supporting local communities where we work and live

Researching algae biofuels
[ALT] Turning algae into biofuels. (TWO: maybe ""Using algae for biofuels"")
[ALT] Making biofuels from algae.
[ALT] Exploring biofuels made from algae. (TWO: ""Researching biofuels made from algae"")

Supporting math and science education.

Reducing energy poverty in the developing world.
[ALT] Reducing energy poverty in developing nations.

Fueling the global...",490,,,"error: ""Could not resolve authentication method. Expected one of api_key, auth_token, or credentials to be set. Or for one of the `X-Api-Key` or `Authorization` headers to be explicitly omitted"""
exxonmobil_sept_16,167,Biofuels,algae,4822,"...rsity in areas where we operate.

Supporting local communities
[ALT] Supporting local communities where we work
[ALT] Supporting local communities where we work and live

Researching algae biofuels
[ALT] Turning algae into biofuels. (TWO: maybe ""Using algae for biofuels"")
[ALT] Making biofuels from algae.
[ALT] Exploring biofuels made from algae. (TWO: ""Researching biofuels made from algae"")

Supporting math and science education.

Reducing energy poverty in the developing world.
[ALT] Reducing energy poverty in developing nations.

Fueling the global economy.

Developing more cleaner-burning natur...",491,,,"error: ""Could not resolve authentication method. Expected one of api_key, auth_token, or credentials to be set. Or for one of the `X-Api-Key` or `Authorization` headers to be explicitly omitted"""
exxonmobil_sept_16,167,Biofuels,algae,4864,"...ng local communities
[ALT] Supporting local communities where we work
[ALT] Supporting local communities where we work and live

Researching algae biofuels
[ALT] Turning algae into biofuels. (TWO: maybe ""Using algae for biofuels"")
[ALT] Making biofuels from algae.
[ALT] Exploring biofuels made from algae. (TWO: ""Researching biofuels made from algae"")

Supporting math and science education.

Reducing energy poverty in the developing world.
[ALT] Reducing energy poverty in developing nations.

Fueling the global economy.

Developing more cleaner-burning natural gas. (TWO: suggest we say ""Producing cl...",492,,,"error: ""Could not resolve authentication method. Expected one of api_key, auth_token, or credentials to be set. Or for one of the `X-Api-Key` or `Authorization` headers to be explicitly omitted"""
exxonmobil_sept_16,167,Biofuels,algae,4909,"...ommunities where we work
[ALT] Supporting local communities where we work and live

Researching algae biofuels
[ALT] Turning algae into biofuels. (TWO: maybe ""Using algae for biofuels"")
[ALT] Making biofuels from algae.
[ALT] Exploring biofuels made from algae. (TWO: ""Researching biofuels made from algae"")

Supporting math and science education.

Reducing energy poverty in the developing world.
[ALT] Reducing energy poverty in developing nations.

Fueling the global economy.

Developing more cleaner-burning natural gas. (TWO: suggest we say ""Producing clean-burning natural gas""...)
[ALT] Capturing...",493,,,"error: ""Could not resolve authentication method. Expected one of api_key, auth_token, or credentials to be set. Or for one of the `X-Api-Key` or `Authorization` headers to be explicitly omitted"""
exxonmobil_sept_17,168,CCUS,CCS,5687,"...Baseline scenarios

Assessed 2C scenarios

ExxonMobil 2018 Outlook for Energy Assessed 2°C Scenarios: 2040 Global energy demand

2040 Global demand by model and energy type
Exajoules

[Chart with bars labeled: AIM, BET, ENV, MESSAGE, REMIND, WITCH, other]

Non-bio renewables
Bioenergy
Bioenergy w/ CCS
Nuclear
Coal
Coal w/ CCS
Gas
Gas w/ CCS
Oil
Oil w/ CCS

Based on EMF27 & IPCC energy & technology / 450 ppm scenarios (Assessed 2°C Scenarios) EMF27 modeling & scenarios data downloaded from: [https://www.iiasa.ac.at/web-apps/ene/EMF27/]

ExxonMobil 2018 Outlook for Energy Significant investments n...",494,,,"error: ""Could not resolve authentication method. Expected one of api_key, auth_token, or credentials to be set. Or for one of the `X-Api-Key` or `Authorization` headers to be explicitly omitted"""
exxonmobil_sept_17,168,CCUS,CCS,5712,"...ssed 2C scenarios

ExxonMobil 2018 Outlook for Energy Assessed 2°C Scenarios: 2040 Global energy demand

2040 Global demand by model and energy type
Exajoules

[Chart with bars labeled: AIM, BET, ENV, MESSAGE, REMIND, WITCH, other]

Non-bio renewables
Bioenergy
Bioenergy w/ CCS
Nuclear
Coal
Coal w/ CCS
Gas
Gas w/ CCS
Oil
Oil w/ CCS

Based on EMF27 & IPCC energy & technology / 450 ppm scenarios (Assessed 2°C Scenarios) EMF27 modeling & scenarios data downloaded from: [https://www.iiasa.ac.at/web-apps/ene/EMF27/]

ExxonMobil 2018 Outlook for Energy Significant investments needed to meet demand
Glob...",495,,,"error: ""Could not resolve authentication method. Expected one of api_key, auth_token, or credentials to be set. Or for one of the `X-Api-Key` or `Authorization` headers to be explicitly omitted"""
exxonmobil_sept_17,168,CCUS,CCS,5727,"...os

ExxonMobil 2018 Outlook for Energy Assessed 2°C Scenarios: 2040 Global energy demand

2040 Global demand by model and energy type
Exajoules

[Chart with bars labeled: AIM, BET, ENV, MESSAGE, REMIND, WITCH, other]

Non-bio renewables
Bioenergy
Bioenergy w/ CCS
Nuclear
Coal
Coal w/ CCS
Gas
Gas w/ CCS
Oil
Oil w/ CCS

Based on EMF27 & IPCC energy & technology / 450 ppm scenarios (Assessed 2°C Scenarios) EMF27 modeling & scenarios data downloaded from: [https://www.iiasa.ac.at/web-apps/ene/EMF27/]

ExxonMobil 2018 Outlook for Energy Significant investments needed to meet demand
Global liquids supp...",496,,,"error: ""Could not resolve authentication method. Expected one of api_key, auth_token, or credentials to be set. Or for one of the `X-Api-Key` or `Authorization` headers to be explicitly omitted"""
exxonmobil_sept_17,168,CCUS,CCS,5742,"...2018 Outlook for Energy Assessed 2°C Scenarios: 2040 Global energy demand

2040 Global demand by model and energy type
Exajoules

[Chart with bars labeled: AIM, BET, ENV, MESSAGE, REMIND, WITCH, other]

Non-bio renewables
Bioenergy
Bioenergy w/ CCS
Nuclear
Coal
Coal w/ CCS
Gas
Gas w/ CCS
Oil
Oil w/ CCS

Based on EMF27 & IPCC energy & technology / 450 ppm scenarios (Assessed 2°C Scenarios) EMF27 modeling & scenarios data downloaded from: [https://www.iiasa.ac.at/web-apps/ene/EMF27/]

ExxonMobil 2018 Outlook for Energy Significant investments needed to meet demand
Global liquids supply
MBDOE
120
10...",497,,,"error: ""Could not resolve authentication method. Expected one of api_key, auth_token, or credentials to be set. Or for one of the `X-Api-Key` or `Authorization` headers to be explicitly omitted"""
exxonmobil_sept_17,168,CCUS,CCS,6921,"...ts borne by society to lower GHG emissions

High policy costs

Low policy costs

Hypothetical ~2°C policy / technology frontier

Technology advances likely to reduce cost of policies on society

Technology advancement

Existing Advances Breakthrough

e.g. gas to... e.g. negative emissions, storage, CCS, advanced biofuels

Policy / Technology results in illustrative only

ExxonMobil 2018 Outlook for Energy

ExxonMobil Unique R&D model

Science-based fundamentals
Process Technology
Catalysts, low-emission processing, scale-up

Upstream Research
Efficient resource capture, development and production...",498,,,"error: ""Could not resolve authentication method. Expected one of api_key, auth_token, or credentials to be set. Or for one of the `X-Api-Key` or `Authorization` headers to be explicitly omitted"""
exxonmobil_sept_17,168,CCUS,CCS,9223,"...everal new catalyst and 
processing configurations that will lead to more effective and efficient production of oil, gas, fuels and chemicals. Technology is the foundation for the future

Near-term
Advantaged technology delivery
Mid-term
Industrial processes with lower emissions
Long-term
Biofuels, CCS

ExxonMobil

Continue to go down efficiency line (PI)
Focused on efficiency of existing sites. But we know we have to turn left.
Only 2 ways.
Use CO2 as a feed (e.g. Biofuels, bioproducts)
Capture and sequester.
We need new materials, new processes.

2020 FWI or improved resource capture
2030 Novel...",499,,,"error: ""Could not resolve authentication method. Expected one of api_key, auth_token, or credentials to be set. Or for one of the `X-Api-Key` or `Authorization` headers to be explicitly omitted"""
